ALTER SEQUENCE alignment_artifact_artifact_id_seq RESTART WITH 1;
ALTER SEQUENCE alignment_property_align_prop_id_seq RESTART WITH 1;
ALTER SEQUENCE alignment_record_alignment_record_id_seq RESTART WITH 1;
ALTER SEQUENCE audit_record_audit_record_id_seq RESTART WITH 1;
ALTER SEQUENCE component_type_component_type_id_seq RESTART WITH 1;
ALTER SEQUENCE comptype_artifact_artifact_id_seq RESTART WITH 1;
ALTER SEQUENCE comptype_asm_comptype_asm_id_seq RESTART WITH 1;
ALTER SEQUENCE comptype_property_ctype_prop_id_seq RESTART WITH 1;
ALTER SEQUENCE device_artifact_artifact_id_seq RESTART WITH 1;
ALTER SEQUENCE device_device_id_seq RESTART WITH 1;
ALTER SEQUENCE device_property_dev_prop_id_seq RESTART WITH 1;
ALTER SEQUENCE installation_artifact_artifact_id_seq RESTART WITH 1;
ALTER SEQUENCE installation_record_installation_record_id_seq RESTART WITH 1;
ALTER SEQUENCE privilege_privilege_id_seq RESTART WITH 1;
ALTER SEQUENCE property_property_id_seq RESTART WITH 1;
ALTER SEQUENCE alignment_artifact_artifact_id_seq RESTART WITH 1;
ALTER SEQUENCE slot_pair_slot_pair_id_seq RESTART WITH 1;
ALTER SEQUENCE slot_property_slot_prop_id_seq RESTART WITH 1;
ALTER SEQUENCE slot_relation_slot_relation_id_seq RESTART WITH 1;
ALTER SEQUENCE slot_slot_id_seq RESTART WITH 1;
ALTER SEQUENCE user_role_user_role_id_seq RESTART WITH 1;
INSERT INTO audit_record (log_time, oper, "user", entity_type, entity_key, entry) VALUES ('2014-05-29 10:34:36','UPDATE','vuppala','COMPONENT_TYPE','CAV85','Updated component type'),('2014-05-29 10:35:07','UPDATE','vuppala','DEVICE','SC251','Modified device'),('2014-05-29 10:35:42','UPDATE','vuppala','DEVICE','SC256','Modified device'),('2014-05-29 10:36:04','UPDATE','vuppala','DEVICE','SC252','Modified device'),('2014-05-29 10:36:19','UPDATE','vuppala','DEVICE','SC253','Modified device'),('2014-05-29 10:36:39','UPDATE','vuppala','DEVICE','SC254','Modified device'),('2014-05-29 10:36:53','UPDATE','vuppala','DEVICE','SC255','Modified device'),('2014-05-29 10:37:15','UPDATE','vuppala','DEVICE','SC248','Modified device'),('2014-05-29 10:37:32','UPDATE','vuppala','DEVICE','SC249','Modified device'),('2014-05-29 10:40:09','UPDATE','vuppala','DEVICE','SL303','Modified device'),('2014-05-29 10:40:52','UPDATE','vuppala','DEVICE','SL296','Modified device'),('2014-05-29 10:41:37','UPDATE','vuppala','DEVICE','SL298','Modified device'),('2014-05-29 10:45:54','UPDATE','vuppala','COMPONENT_TYPE','CMA85','Updated component type'),('2014-05-29 10:46:46','UPDATE','vuppala','DEVICE','14cma08-001','Modified device'),('2014-05-29 10:48:04','UPDATE','vuppala','DEVICE','SC251','Modified device'),('2014-05-29 10:48:04','UPDATE','vuppala','DEVICE','14cma08-001','Modified device'),('2014-05-29 10:48:33','UPDATE','vuppala','DEVICE','SL303','Modified device'),('2014-05-29 10:48:33','UPDATE','vuppala','DEVICE','14cma08-001','Modified device'),('2014-05-29 10:49:35','UPDATE','vuppala','DEVICE','SC256','Modified device'),('2014-05-29 10:49:35','UPDATE','vuppala','DEVICE','14cma08-001','Modified device'),('2014-05-29 10:50:18','UPDATE','vuppala','DEVICE','SC252','Modified device'),('2014-05-29 10:50:18','UPDATE','vuppala','DEVICE','14cma08-001','Modified device'),('2014-05-29 10:50:42','UPDATE','vuppala','DEVICE','SC253','Modified device'),('2014-05-29 10:50:42','UPDATE','vuppala','DEVICE','14cma08-001','Modified device'),('2014-05-29 10:51:21','UPDATE','vuppala','DEVICE','SL296','Modified device'),('2014-05-29 10:51:21','UPDATE','vuppala','DEVICE','14cma08-001','Modified device'),('2014-05-29 10:51:31','UPDATE','vuppala','DEVICE','SL296','Modified device'),('2014-05-29 10:51:31','UPDATE','vuppala','DEVICE','14cma08-001','Modified device'),('2014-05-29 10:52:09','UPDATE','vuppala','DEVICE','SL296','Modified device'),('2014-05-29 10:52:09','UPDATE','vuppala','DEVICE','14cma08-001','Modified device'),('2014-05-29 10:52:46','UPDATE','vuppala','DEVICE','SL296','Modified device'),('2014-05-29 10:52:46','UPDATE','vuppala','DEVICE','14cma08-001','Modified device'),('2014-05-29 10:55:43','UPDATE','vuppala','DEVICE','SL296','Modified device'),('2014-05-29 10:55:43','UPDATE','vuppala','DEVICE','14cma08-001','Modified device'),('2014-05-29 10:56:15','UPDATE','vuppala','DEVICE','SC254','Modified device'),('2014-05-29 10:56:15','UPDATE','vuppala','DEVICE','14cma08-001','Modified device'),('2014-05-29 10:56:35','UPDATE','vuppala','DEVICE','SC255','Modified device'),('2014-05-29 10:56:35','UPDATE','vuppala','DEVICE','14cma08-001','Modified device'),('2014-05-29 10:57:03','UPDATE','vuppala','DEVICE','SC248','Modified device'),('2014-05-29 10:57:03','UPDATE','vuppala','DEVICE','14cma08-001','Modified device'),('2014-05-29 10:57:32','UPDATE','vuppala','DEVICE','SL298','Modified device'),('2014-05-29 10:57:32','UPDATE','vuppala','DEVICE','14cma08-001','Modified device'),('2014-05-29 11:00:05','UPDATE','vuppala','DEVICE','14cma08-001','Modified artifact ReA3 Cryomodule 3 Cold Mass  Alignment'),('2014-05-29 11:07:20','UPDATE','vuppala','SLOT','FRIB','Modified slot'),('2014-05-29 11:07:45','UPDATE','vuppala','SLOT','FacilityRoot','Modified slot'),('2014-05-29 11:08:09','UPDATE','vuppala','SLOT','ReAccelerator','Modified slot'),('2014-05-29 11:08:40','UPDATE','vuppala','SLOT','FRIB','Modified child slot'),('2014-05-29 11:08:40','UPDATE','vuppala','SLOT','FacilityRoot','Modified parent slot'),('2014-05-29 11:09:02','UPDATE','vuppala','SLOT','ReAccelerator','Modified child slot'),('2014-05-29 11:09:02','UPDATE','vuppala','SLOT','FRIB','Modified parent slot'),('2014-05-29 11:24:05','UPDATE','vuppala','COMPONENT_TYPE','CMA85','Updated artifact CAD Drawing');
INSERT INTO component_type (name, description, super_component_type, modified_at, modified_by, version) VALUES ('AP','Aperture',NULL,'2014-04-29 06:38:02','test-user',0),('ATP','Attenuation Plate (sieve to reduce beam intensity)',NULL,'2014-04-29 03:03:55','test-user',0),('BGV','Beamline Gate Valve',NULL,'2014-04-29 06:38:42','test-user',0),('CAM','Camera',NULL,'2014-04-29 03:04:13','test-user',0),('CAV','rf cavity; inside cryomodule',NULL,'2014-04-29 06:39:30','test-user',0),('D','Dipole magnets',NULL,'2014-04-29 06:40:29','test-user',0),('DCH','Dipole magnet, Corrector, Horizontal',NULL,'2014-04-29 03:14:40','test-user',0),('DCV','Dipole magnet, Corrector, Vertical',NULL,'2014-04-29 03:14:52','test-user',0),('DD','Device Drive, i.e. 45 Deg Slit',NULL,'2014-04-29 06:41:16','test-user',0),('DE','Dipole Electric',NULL,'2014-04-29 04:35:22','test-user',0),('DH','Dipole magnet, Horizontal	',NULL,'2014-04-29 06:42:15','test-user',0),('FAV','Fast Acting Valve',NULL,'2014-04-29 06:42:56','test-user',0),('FAVS','Fast Acting Valve Sensor',NULL,'2014-04-29 06:43:17','test-user',0),('FC','Faraday Cup',NULL,'2014-04-29 03:03:43','test-user',0),('FCS','Faraday Cup with Silicon Detector',NULL,'2014-04-29 04:50:27','test-user',0),('FSD','Foil Silicon Detector	',NULL,'2014-04-29 06:44:04','test-user',0),('GV','Gate Valve',NULL,'2014-04-29 03:18:09','test-user',0),('GV1','Gate valve 1',NULL,'2014-04-29 06:59:55','test-user',0),('GV2','Gate valve 2',NULL,'2014-04-29 07:00:12','test-user',0),('MCPV','Multi Channel Plate combined with Viewer',NULL,'2014-04-29 04:49:45','test-user',0),('MHB','Multi-harmonic buncher',NULL,'2014-04-29 06:45:10','test-user',0),('PS','Power supply',NULL,'2014-05-08 05:30:44','test-user',0),('PSB','Power Supply, Bias',NULL,'2014-04-29 06:46:43','test-user',0),('Q','Quadrupole magnet',NULL,'2014-04-29 06:47:28','test-user',0),('QE','Quadrupole, Electrostatic',NULL,'2014-04-29 03:14:26','test-user',0),('QWR041','0.041 cavity',NULL,'2014-05-12 14:29:47','test-user',0),('RACK','rack',NULL,'2014-05-09 10:15:00','test-user',0),('RFQ','Radio Frequency Quadrupole	',NULL,'2014-04-29 06:48:57','test-user',0),('SLB','Slit, Bottom Drive',NULL,'2014-04-29 06:49:40','test-user',0),('SLH','Slit, Horizontal (used for beam selection in the horizontal plane)	',NULL,'2014-04-29 06:50:14','test-user',0),('SLL','Slit, Left Drive',NULL,'2014-04-29 06:50:40','test-user',0),('SLR','Slit, Right Drive',NULL,'2014-04-29 06:51:04','test-user',0),('SLT','Slit, Top Drive',NULL,'2014-04-29 06:51:31','test-user',0),('SLV','Slit, Vertical (used for beam selection in the vertical plane)	',NULL,'2014-04-29 06:51:54','test-user',0),('SOL','Solenoid (within cryomodule), n is the solenoid number (baseline range 1 - 3)	',NULL,'2014-04-29 06:52:38','test-user',0),('SOLR','Solenoid (beam line Room temperature solenoid)	',NULL,'2014-04-29 06:53:01','test-user',0),('SOLS','Solenoid (beam line Superconducting solenoid)',NULL,'2014-04-29 06:53:35','test-user',0),('TID','Timing Detector with Silicon Detector	',NULL,'2014-04-29 06:54:16','test-user',0),('TL','Transfer line',NULL,'2014-04-29 06:56:21','test-user',0),('VD','View detector',NULL,'2014-04-29 03:04:59','test-user',0),('_BLD','Beamline device',NULL,'2014-04-29 03:00:28','test-user',0),('_DIAG','Diagnostics device',NULL,'2014-04-29 03:03:29','test-user',0),('_MAG','Magnet',NULL,'2014-04-29 03:14:07','test-user',0),('_PS','Power supply',NULL,'2014-04-29 06:46:31','test-user',0),('_ROOT','Root of a facility',NULL,'2014-05-08 03:45:09','test-user',0),('_SYS','System',NULL,'2014-05-08 03:47:05','test-user',0),('CAV85','Beta=0.085 quarter wave resonators ',5,'2014-05-29 06:34:36','test-user',0),('CMA85','Coldmass Assembly Beta 0.085',NULL,'2014-05-29 06:45:54','test-user',0);
INSERT INTO comptype_artifact (component_type, name, is_internal, description, uri, modified_by, modified_at) VALUES (48,'CAD Drawing',FALSE,'Mechanical Design drawing at Alfresco','https://docmgmt.nscl.msu.edu/share/page/site/NSCL/document-details?nodeRef=workspace://SpacesStore/6db52b14-b07f-4879-9641-8165372d9f26','user','2014-05-29 07:24:05');
INSERT INTO data_type (data_type_id, description, scalar, modified_at, modified_by, version) VALUES ('Aggregate','A mean value, standard deviation, and other meta data. Expresses the central tendency and dispersion of a set of data points',TRUE,'2014-02-26 00:00:00','system',0),('boolean','True or False',TRUE,'2014-02-26 00:00:00','system',0),('byte','8 bit signed integer',TRUE,'2014-02-26 00:00:00','system',0),('Continuum','Expersses a sequence of data points in time or frequency domain',TRUE,'2014-02-26 00:00:00','system',0),('DOUBLE PRECISION','DOUBLE PRECISION precision IEEE 754',TRUE,'2014-02-26 00:00:00','system',0),('Enum','An enumeration list and a value of that enumeration',TRUE,'2014-02-26 00:00:00','system',0),('File','A sequence of bytes',TRUE,'2014-02-26 00:00:00','system',0),('float','single precision IEEE 754',TRUE,'2014-02-26 00:00:00','system',0),('Histogram','An array of real number intervals, and their frequency counts. Expresses a 1D histogram.',TRUE,'2014-02-26 00:00:00','system',0),('Image','A general purpose pixel and meta data type, to encode image data of a single picture frame.',TRUE,'2014-02-26 00:00:00','system',0),('int','32 bit signed integer',TRUE,'2014-02-26 00:00:00','system',0),('long','64 bit signed integer',TRUE,'2014-02-26 00:00:00','system',0),('Matrix','A real number matrix',TRUE,'2014-02-26 00:00:00','system',0),('MultichannelArray','An array of PV names, their values, and metadata',TRUE,'2014-02-26 00:00:00','system',0),('NameValue','An array of scalar values where each element is named',TRUE,'2014-02-26 00:00:00','system',0),('ScalarArray','An array of scalar values of some single type. Compare with NTVariantArray',TRUE,'2014-02-26 00:00:00','system',0),('short','16 bit signed integer',TRUE,'2014-02-26 00:00:00','system',0),('string','UTF-8 ',TRUE,'2014-02-26 00:00:00','system',0),('Table','A table of scalars, where each column may be of different scalar array type',TRUE,'2014-02-26 00:00:00','system',0),('uint','32 bit unsigned integer',TRUE,'2014-02-26 00:00:00','system',0),('ulong','64 bit unsigned integer',TRUE,'2014-02-26 00:00:00','system',0),('URI','A structure for encapsulating a Uniform Resource Identifier (URI)',TRUE,'2014-02-26 00:00:00','system',0),('UserDefined','Defined by user',TRUE,'2014-02-26 00:00:00','system',0),('ushort','16 bit unsigned integer ',TRUE,'2014-02-26 00:00:00','system',0),('VariantArray','An array of some scalar type, where the type and values may be changed',TRUE,'2014-02-26 00:00:00','system',0);
INSERT INTO device (serial_number, component_type, description, status, manufacturer, manuf_model, manuf_serial_number, location, purchase_order, asm_parent, asm_position, asm_description, modified_at, modified_by, version) VALUES ('SC251',47,'Beta=0.085 quarter wave resonators (ReA3 Cavities)',NULL,'','',NULL,NULL,'',12,'C1','Cavity 1','2014-05-29 06:48:04','vuppala',0),('SC256',47,'Beta=0.085 quarter wave resonators (ReA3 Cavities)',NULL,'','',NULL,NULL,'',12,'C2','Cavity 2','2014-05-29 06:49:35','vuppala',0),('SC252',47,'Beta=0.085 quarter wave resonators (ReA3 Cavities)',NULL,'','',NULL,NULL,'',12,'C3','Cavity 3','2014-05-29 06:50:18','vuppala',0),('SC253',47,'Beta=0.085 quarter wave resonators (ReA3 Cavities)',NULL,'','',NULL,NULL,'',12,'C4','Cavity 4','2014-05-29 06:50:42','vuppala',0),('SC254',47,'Beta=0.085 quarter wave resonators (ReA3 Cavities)',NULL,'','',NULL,NULL,'',12,'C5','Cavity 5','2014-05-29 06:56:15','vuppala',0),('SC255',47,'Beta=0.085 quarter wave resonators (ReA3 Cavities)',NULL,'','',NULL,NULL,'',12,'C6','Cavity 6','2014-05-29 06:56:35','vuppala',0),('SC248',47,'Beta=0.085 quarter wave resonators (ReA3 Cavities)',NULL,'','',NULL,NULL,'',12,'C7','Cavity 7','2014-05-29 06:57:03','vuppala',0),('SC249',47,'Beta=0.085 quarter wave resonators (ReA3 Cavities)',NULL,'','',NULL,NULL,'',NULL,NULL,NULL,'2014-05-29 06:37:32','vuppala',0),('SL303',35,'Solenoid',NULL,'','',NULL,NULL,'',12,'S1','Solenoid 1','2014-05-29 06:48:33','vuppala',0),('SL296',35,'Solenoid',NULL,'','',NULL,NULL,'',12,'S2','Solenoid 2','2014-05-29 06:55:43','vuppala',0),('SL298',35,'Solenoid',NULL,'','',NULL,NULL,'',12,'S3','Solenoid 3','2014-05-29 06:57:32','vuppala',0),('14cma08-001',48,'Coldmass Assembly 0.085',NULL,'','',NULL,NULL,'',NULL,NULL,NULL,'2014-05-29 06:57:32','vuppala',0);
INSERT INTO device_artifact (device, name, is_internal, description, uri, modified_by, modified_at) VALUES (12,'ReA3 Cryomodule 3 Cold Mass  Alignment',FALSE,'ReA3 Cryomodule 3 Cold Mass \r\nAlignment','https://portal.frib.msu.edu/dcc/DCC Released Documents/M40101-TD-000556-R001.pdf','user','2014-05-29 07:00:05');
INSERT INTO unit (unit_id, quantity, symbol, description, base_unit_expr, modified_at, modified_by, version) VALUES ('ampere','electric current','A','electric current',NULL,'2014-02-25 00:00:00','system',0),('ampere-per-meter','magnetic field strength  ','A/m','magnetic field strength  ',NULL,'2014-02-25 00:00:00','system',0),('ampere-per-square-meter','current density','A/m2','current density',NULL,'2014-02-25 00:00:00','system',0),('are','area','a','1 a = 1 dam2 = 102 m2',NULL,'2014-02-25 00:00:00','system',0),('astronomical unit','length','ua','1 ua = 1.495 98 x 1011 m, approximately',NULL,'2014-02-25 00:00:00','system',0),('bar','pressure','bar','1 bar = 0.1 MPa = 100 kPa = 1000 hPa = 105 Pa',NULL,'2014-02-25 00:00:00','system',0),('barn','area','b','1 b = 100 fm2 = 10-28 m2',NULL,'2014-02-25 00:00:00','system',0),('becquerel','activity','Bq','activity (of a radionuclide)','s-1','2014-02-25 00:00:00','system',0),('candela','luminous intensity','cd','luminous intensity',NULL,'2014-02-25 00:00:00','system',0),('candela-per-square-meter','luminance','cd/m2','luminance',NULL,'2014-02-25 00:00:00','system',0),('coulomb','electric charge','C','electric charge, quantity of electricity','s·A','2014-02-25 00:00:00','system',0),('coulomb-per-cubic-meter','electric charge density','C/m3','electric charge density',NULL,'2014-02-25 00:00:00','system',0),('coulomb-per-kilogram','exposure','C/kg','exposure (x and  rays)',NULL,'2014-02-25 00:00:00','system',0),('coulomb-per-square-meter','electric flux density','C/m2','electric flux density',NULL,'2014-02-25 00:00:00','system',0),('cubic-meter','volume','m3','volume',NULL,'2014-02-25 00:00:00','system',0),('cubic-meter-per-kilogram','specific volume','m3/kg','specific volume',NULL,'2014-02-25 00:00:00','system',0),('curie','radiation','Ci','1 Ci = 3.7 x 1010 Bq',NULL,'2014-02-25 00:00:00','system',0),('day','time','d','1 d = 24 h = 86 400 s',NULL,'2014-02-25 00:00:00','system',0),('degree (angle)','angle','deg','1° = ( PI/180) rad',NULL,'2014-02-25 00:00:00','system',0),('degree-Celsius','Celsius temperature','°C','Celsius temperature','K','2014-02-25 00:00:00','system',0),('electronvolt','electric potential difference','eV','1 eV = 1.602 18 x 10-19 J, approximately',NULL,'2014-02-25 00:00:00','system',0),('farad','capacitance','F','capacitance','m-2·kg-1·s4·A2','2014-02-25 00:00:00','system',0),('farad-per-meter','permittivity','F/m','permittivity',NULL,'2014-02-25 00:00:00','system',0),('gray','absorbed dose','Gy','absorbed dose, specific energy (imparted), kerma','m2·s-2','2014-02-25 00:00:00','system',0),('gray-per-second','absorbed dose rate','Gy/s','absorbed dose rate',NULL,'2014-02-25 00:00:00','system',0),('hectare ','area','ha','1 ha = 1 hm2 = 104 m2',NULL,'2014-02-25 00:00:00','system',0),('henry','inductance','H','inductance','m2·kg·s-2·A-2','2014-02-25 00:00:00','system',0),('henry-per-meter','permeability','H/m','permeability',NULL,'2014-02-25 00:00:00','system',0),('hertz','frequency','Hz','frequency','s-1','2014-02-25 00:00:00','system',0),('hour','time','h','1 h = 60 min = 3600 s',NULL,'2014-02-25 00:00:00','system',0),('joule','energy','J','energy, work, quantity of heat  ','m2·kg·s-2','2014-02-25 00:00:00','system',0),('joule-per-cubic-meter','energy density','J/m3','energy density',NULL,'2014-02-25 00:00:00','system',0),('joule-per-kelvin','entropy','J/K','heat capacity, entropy',NULL,'2014-02-25 00:00:00','system',0),('joule-per-kilogram','specific energy','J/kg','specific energy',NULL,'2014-02-25 00:00:00','system',0),('joule-per-kilogram-kelvin','specific heat capacity','J/(kg·K)','specific heat capacity, specific entropy',NULL,'2014-02-25 00:00:00','system',0),('joule-per-mole','molar energy','J/mol','molar energy',NULL,'2014-02-25 00:00:00','system',0),('joule-per-mole-kelvin','molar entropy','J/(mol·K)','molar entropy, molar heat capacity',NULL,'2014-02-25 00:00:00','system',0),('katal','catalytic activity','kat','catalytic activity','s-1·mol','2014-02-25 00:00:00','system',0),('katal-per-cubic-meter','catalytic (activity) concentration','kat/m3','catalytic (activity) concentration',NULL,'2014-02-25 00:00:00','system',0),('kelvin','thermodynamic temperature','K','thermodynamic temperature',NULL,'2014-02-25 00:00:00','system',0),('kilogram','mass','kg','mass',NULL,'2014-02-25 00:00:00','system',0),('kilogram-per-cubic-meter','mass density','kg/m3','mass density',NULL,'2014-02-25 00:00:00','system',0),('liter','volume','L','1 L = 1 dm3 = 10-3 m3',NULL,'2014-02-25 00:00:00','system',0),('lumen','luminous flux','lm','luminous flux','cd','2014-02-25 00:00:00','system',0),('lux','illuminance','lx','illuminance','m-2·cd','2014-02-25 00:00:00','system',0),('meter','length','m','length',NULL,'2014-02-25 00:00:00','system',0),('meter-per-second','speed, velocity','m/s','speed, velocity',NULL,'2014-02-25 00:00:00','system',0),('meter-per-second-squared  ','acceleration','m/s2','acceleration',NULL,'2014-02-25 00:00:00','system',0),('metric ton','weight','t','1 t = 103 kg',NULL,'2014-02-25 00:00:00','system',0),('minute (angle)','angle','min','1 minute = (1/60)° = (/10 800) rad',NULL,'2014-02-25 00:00:00','system',0),('minute (time)','time','min','1 min = 60 s',NULL,'2014-02-25 00:00:00','system',0),('mole','amount of substance','mol','amount of substance',NULL,'2014-02-25 00:00:00','system',0),('mole-per-cubic-meter','amount-of-substance','mol/m3','amount-of-substance concentration',NULL,'2014-02-25 00:00:00','system',0),('newton','force','N','force','m·kg·s-2','2014-02-25 00:00:00','system',0),('newton-meter','moment of force','N·m','moment of force',NULL,'2014-02-25 00:00:00','system',0),('newton-per-meter','surface tension','N/m','surface tension',NULL,'2014-02-25 00:00:00','system',0),('pascal','pressure, stress','Pa','pressure, stress','m-1·kg·s-2','2014-02-25 00:00:00','system',0),('pascal-second','dynamic viscosity','Pa·s','dynamic viscosity',NULL,'2014-02-25 00:00:00','system',0),('rad','radiation','rad','1 rad = 1 cGy = 10-2 Gy',NULL,'2014-02-25 00:00:00','system',0),('radian','plane angle','rad','plane angle',NULL,'2014-02-25 00:00:00','system',0),('radian-per-second','angular velocity','rad/s','angular velocity',NULL,'2014-02-25 00:00:00','system',0),('radian-per-second-squared','angular acceleration','rad/s2','angular acceleration',NULL,'2014-02-25 00:00:00','system',0),('reciprocal-meter','wave number','m-1','wave number',NULL,'2014-02-25 00:00:00','system',0),('rem','radiation','rem','1 rem = 1 cSv = 10-2 Sv',NULL,'2014-02-25 00:00:00','system',0),('roentgen','radiation','R','1 R = 2.58 x 10-4 C/kg',NULL,'2014-02-25 00:00:00','system',0),('second','time','s','time',NULL,'2014-02-25 00:00:00','system',0),('second (angle)','angle','sec','1 second = (1/60) = (/648 000) rad',NULL,'2014-02-25 00:00:00','system',0),('siemens','electric conductance','S','electric conductance','m-2·kg-1·s3·A2','2014-02-25 00:00:00','system',0),('sievert','dose equivalent','Sv','dose equivalent (d)','m2·s-2','2014-02-25 00:00:00','system',0),('square-meter','area','m2','area',NULL,'2014-02-25 00:00:00','system',0),('steradian','solid angle','sr','solid angle',NULL,'2014-02-25 00:00:00','system',0),('tesla','magnetic flux density','T','magnetic flux density','kg·s-2·A-1','2014-02-25 00:00:00','system',0),('unified atomic mass unit','mass','u','1 u = 1.660 54 x 10-27 kg, approximately',NULL,'2014-02-25 00:00:00','system',0),('volt','electric potential difference','V','electric potential difference,','m2·kg·s-3·A-1','2014-02-25 00:00:00','system',0),('volt-per-meter','electric field strength','V/m','electric field strength',NULL,'2014-02-25 00:00:00','system',0),('watt','power, radiant flux','W','power, radiant flux','m2·kg·s-3','2014-02-25 00:00:00','system',0),('watt-per-meter-kelvin','thermal conductivity','W/(m·K)','thermal conductivity',NULL,'2014-02-25 00:00:00','system',0),('watt-per-square-meter','heat flux density','W/m2','heat flux density, irradiance',NULL,'2014-02-25 00:00:00','system',0),('watt-per-square-meter-steradian','radiance','W/(m2·sr)','radiance',NULL,'2014-02-25 00:00:00','system',0),('watt-per-steradian','radiant intensity','W/sr','radiant intensity',NULL,'2014-02-25 00:00:00','system',0),('weber','magnetic flux','Wb','magnetic flux','m2·kg·s-2·A-1','2014-02-25 00:00:00','system',0),('ångström','length','Å','1 Å = 0.1 nm = 10-10 m',NULL,'2014-02-25 00:00:00','system',0);
INSERT INTO property (name, description, association, unit, data_type, modified_at, modified_by, version) VALUES ('Accumulated-C2C-Length','Accumulated center-to-center Length','T','meter','float','2014-04-29 03:32:31','test-user',0),('Aperture','Radius aperture','T','meter','float','2014-03-08 15:51:42','test-user',0),('Beamline-Position','Position on the beamline','T','meter','int','2014-04-29 03:40:23','test-user',0),('Bending-Angle','Bending angle of a magnet','T','degree (angle)','float','2014-03-08 15:50:36','test-user',0),('Bending-Radius','Bending radius','T','meter','float','2014-03-08 15:52:28','test-user',0),('Current','Current','T','ampere','float','2014-03-08 15:52:54','test-user',0),('Effective-F2F-Length','Effective flange to flange length','T','meter','float','2014-03-08 15:55:04','test-user',0),('Effective-Length','Effective length','T','meter','float','2014-03-08 15:54:05','test-user',0),('Length-From-Element-Before','Length from element before (center to center)','T','meter','float','2014-04-29 03:35:26','test-user',0),('Maximum-Field','Maximum field of a magnet','T','tesla','float','2014-03-08 15:56:23','test-user',0),('Min-Beampipe-Inner-Dia','Minimum Deampipe innter diameter','T','meter','float','2014-03-08 15:57:27','test-user',0),('Number-Required','How many of such components are needed','T','ampere','uint','2014-03-08 16:00:31','test-user',0),('Old-Name','An old name for a device','T','ampere','string','2014-04-29 03:34:20','test-user',0),('Power','Electric power','T','watt','float','2014-03-08 15:58:19','test-user',0),('Resistance','Electric resistance','T','ampere','float','2014-03-08 16:01:40','test-user',0),('Voltage','Electric voltage','T','volt','float','2014-03-08 16:02:33','test-user',0),('Quad-Gradient','gradient','T','ampere-per-square-meter','float','2014-05-09 10:12:48','test-user',0);
INSERT INTO comptype_property (component_type, property, type, prop_value, unit, in_repository, modified_at, modified_by, version) VALUES (41,2,NULL,'',NULL,FALSE,'2014-04-29 03:37:22','system',0),(41,4,NULL,'',NULL,FALSE,'2014-04-29 03:40:46','system',0),(41,9,NULL,'',NULL,FALSE,'2014-04-29 03:37:06','system',0),(41,10,NULL,'',NULL,FALSE,'2014-04-29 03:37:52','system',0),(41,14,NULL,'',NULL,FALSE,'2014-04-29 03:37:35','system',0);
INSERT INTO slot (component_type, name, description, is_hosting_slot, beamline_position, global_x, global_y, global_z, global_roll, global_yaw, global_pitch, asm_slot, asm_comment, asm_position, comment, modified_at, modified_by, version) VALUES (3,'REA_BTS10:BGV_D0862','Gate Valve',FALSE,NULL,NULL,NULL,NULL,NULL,NULL,NULL,NULL,NULL,NULL,NULL,'2014-05-02 00:00:00','wittmer',0),(2,'REA_BTS10:ATP_D0863','Attenuator, Left',FALSE,NULL,NULL,NULL,NULL,NULL,NULL,NULL,NULL,NULL,NULL,NULL,'2014-05-02 00:00:00','wittmer',0),(14,'REA_BTS10:FC_D0864','Faraday Cup, Top',FALSE,NULL,NULL,NULL,NULL,NULL,NULL,NULL,NULL,NULL,NULL,NULL,'2014-05-02 00:00:00','wittmer',0),(4,'REA_BTS10:CAM_D0864','Camera',FALSE,NULL,NULL,NULL,NULL,NULL,NULL,NULL,NULL,NULL,NULL,NULL,'2014-05-02 00:00:00','wittmer',0),(40,'REA_BTS10:VD_D0864','Viewer Plate, Right',FALSE,NULL,NULL,NULL,NULL,NULL,NULL,NULL,NULL,NULL,NULL,NULL,'2014-05-02 00:00:00','wittmer',0),(7,'REA_BTS10:DCH_D0865','Horizontal E-Steerer',FALSE,NULL,NULL,NULL,NULL,NULL,NULL,NULL,NULL,NULL,NULL,NULL,'2014-05-02 00:00:00','wittmer',0),(8,'REA_BTS10:DCV_D0865','Vertical E-Steerer',FALSE,NULL,NULL,NULL,NULL,NULL,NULL,NULL,NULL,NULL,NULL,NULL,'2014-05-02 00:00:00','wittmer',0),(25,'REA_BTS10:QE_D0867','Triplet, EQuad A',FALSE,NULL,NULL,NULL,NULL,NULL,NULL,NULL,NULL,NULL,NULL,NULL,'2014-05-02 00:00:00','wittmer',0),(25,'REA_BTS10:QE_D0869','Triplet, EQuad B',FALSE,NULL,NULL,NULL,NULL,NULL,NULL,NULL,NULL,NULL,NULL,NULL,'2014-05-02 00:00:00','wittmer',0),(25,'REA_BTS10:QE_D0871','Triplet, EQuad C',FALSE,NULL,NULL,NULL,NULL,NULL,NULL,NULL,NULL,NULL,NULL,NULL,'2014-05-02 00:00:00','wittmer',0),(10,'REA_BTS10:DE_D0873','Kicker66 for EBIT Injection',FALSE,NULL,NULL,NULL,NULL,NULL,NULL,NULL,NULL,NULL,NULL,NULL,'2014-05-02 00:00:00','wittmer',0),(25,'REA_BTS10:QE_D0884','Triplet, EQuad A',FALSE,NULL,NULL,NULL,NULL,NULL,NULL,NULL,NULL,NULL,NULL,NULL,'2014-05-02 00:00:00','wittmer',0),(25,'REA_BTS10:QE_D0886','Triplet, EQuad B',FALSE,NULL,NULL,NULL,NULL,NULL,NULL,NULL,NULL,NULL,NULL,NULL,'2014-05-02 00:00:00','wittmer',0),(25,'REA_BTS10:QE_D0888','Triplet, EQuad C',FALSE,NULL,NULL,NULL,NULL,NULL,NULL,NULL,NULL,NULL,NULL,NULL,'2014-05-02 00:00:00','wittmer',0),(20,'REA_BTS10:MCPV_D0892','MultiChannel Plate, Top',FALSE,NULL,NULL,NULL,NULL,NULL,NULL,NULL,NULL,NULL,NULL,NULL,'2014-05-02 00:00:00','wittmer',0),(4,'REA_BTS10:CAM_D0892','Camera',FALSE,NULL,NULL,NULL,NULL,NULL,NULL,NULL,NULL,NULL,NULL,NULL,'2014-05-02 00:00:00','wittmer',0),(40,'REA_BTS10:VD_D0892','Viewer Plate, Right',FALSE,NULL,NULL,NULL,NULL,NULL,NULL,NULL,NULL,NULL,NULL,NULL,'2014-05-02 00:00:00','wittmer',0),(15,'REA_BTS10:FCS_D0893','Faraday Cup, Left',FALSE,NULL,NULL,NULL,NULL,NULL,NULL,NULL,NULL,NULL,NULL,NULL,'2014-05-02 00:00:00','wittmer',0),(7,'REA_BTS10:DCH_D0893','Horizontal E-Steerer',FALSE,NULL,NULL,NULL,NULL,NULL,NULL,NULL,NULL,NULL,NULL,NULL,'2014-05-02 00:00:00','wittmer',0),(8,'REA_BTS10:DCV_D0893','Vertical E-Steerer',FALSE,NULL,NULL,NULL,NULL,NULL,NULL,NULL,NULL,NULL,NULL,NULL,'2014-05-02 00:00:00','wittmer',0),(3,'REA_BTS10:BGV_D0894','Gate Valve',FALSE,NULL,NULL,NULL,NULL,NULL,NULL,NULL,NULL,NULL,NULL,NULL,'2014-05-02 00:00:00','wittmer',0),(10,'REA_BTS10:DE_D0900','Cyl Dipole Deflector, 45deg, 681mm radius',FALSE,NULL,NULL,NULL,NULL,NULL,NULL,NULL,NULL,NULL,NULL,NULL,'2014-05-02 00:00:00','wittmer',0),(25,'REA_BTS10:QE_D0905','Singlet, EQuad',FALSE,NULL,NULL,NULL,NULL,NULL,NULL,NULL,NULL,NULL,NULL,NULL,'2014-05-02 00:00:00','wittmer',0),(8,'REA_BTS10:DCV_D0905','Vertical E-Steerer',FALSE,NULL,NULL,NULL,NULL,NULL,NULL,NULL,NULL,NULL,NULL,NULL,'2014-05-02 00:00:00','wittmer',0),(10,'REA_BTS10:DE_D0910','Cyl Dipole Deflector, 45deg, 681mm radius',FALSE,NULL,NULL,NULL,NULL,NULL,NULL,NULL,NULL,NULL,NULL,NULL,'2014-05-02 00:00:00','wittmer',0),(15,'REA_BTS10:FCS_D0918','Faraday Cup, Left',FALSE,NULL,NULL,NULL,NULL,NULL,NULL,NULL,NULL,NULL,NULL,NULL,'2014-05-02 00:00:00','wittmer',0),(4,'REA_BTS10:CAM_D0918','Camera',FALSE,NULL,NULL,NULL,NULL,NULL,NULL,NULL,NULL,NULL,NULL,NULL,'2014-05-02 00:00:00','wittmer',0),(40,'REA_BTS10:VD_D0918','Viewer Plate',FALSE,NULL,NULL,NULL,NULL,NULL,NULL,NULL,NULL,NULL,NULL,NULL,'2014-05-02 00:00:00','wittmer',0),(30,'REA_BTS10:SLH_D0918','Horizontal Slit, Right',FALSE,NULL,NULL,NULL,NULL,NULL,NULL,NULL,NULL,NULL,NULL,NULL,'2014-05-02 00:00:00','wittmer',0),(7,'REA_BTS10:DCH_D0919','Horizontal E-Steerer',FALSE,NULL,NULL,NULL,NULL,NULL,NULL,NULL,NULL,NULL,NULL,NULL,'2014-05-02 00:00:00','wittmer',0),(8,'REA_BTS10:DCV_D0919','Vertical E-Steerer',FALSE,NULL,NULL,NULL,NULL,NULL,NULL,NULL,NULL,NULL,NULL,NULL,'2014-05-02 00:00:00','wittmer',0),(25,'REA_BTS10:QE_D0921','DOUBLE PRECISIONt, EQuad A',FALSE,NULL,NULL,NULL,NULL,NULL,NULL,NULL,NULL,NULL,NULL,NULL,'2014-05-02 00:00:00','wittmer',0),(25,'REA_BTS10:QE_D0923','DOUBLE PRECISIONt, Equad B',FALSE,NULL,NULL,NULL,NULL,NULL,NULL,NULL,NULL,NULL,NULL,NULL,'2014-05-02 00:00:00','wittmer',0),(6,'REA_BTS10:D_D0932','90deg Bend Magnet',FALSE,NULL,NULL,NULL,NULL,NULL,NULL,NULL,NULL,NULL,NULL,NULL,'2014-05-02 00:00:00','wittmer',0),(25,'REA_BTS10:QE_D0942','DOUBLE PRECISIONt, EQuad A',FALSE,NULL,NULL,NULL,NULL,NULL,NULL,NULL,NULL,NULL,NULL,NULL,'2014-05-02 00:00:00','wittmer',0),(25,'REA_BTS10:QE_D0944','DOUBLE PRECISIONt, Equad B',FALSE,NULL,NULL,NULL,NULL,NULL,NULL,NULL,NULL,NULL,NULL,NULL,'2014-05-02 00:00:00','wittmer',0),(20,'REA_BTS10:MCPV_D0947','MultiChannel Plate, Top',FALSE,NULL,NULL,NULL,NULL,NULL,NULL,NULL,NULL,NULL,NULL,NULL,'2014-05-02 00:00:00','wittmer',0),(4,'REA_BTS10:CAM_D0947','Camera',FALSE,NULL,NULL,NULL,NULL,NULL,NULL,NULL,NULL,NULL,NULL,NULL,'2014-05-02 00:00:00','wittmer',0),(40,'REA_BTS10:VD_D0947','Viewer Plate',FALSE,NULL,NULL,NULL,NULL,NULL,NULL,NULL,NULL,NULL,NULL,NULL,'2014-05-02 00:00:00','wittmer',0),(15,'REA_BTS10:FCS_D0947','Faraday Cup, Left',FALSE,NULL,NULL,NULL,NULL,NULL,NULL,NULL,NULL,NULL,NULL,NULL,'2014-05-02 00:00:00','wittmer',0),(30,'REA_BTS10:SLH_D0947','Horizontal Slit, Right',FALSE,NULL,NULL,NULL,NULL,NULL,NULL,NULL,NULL,NULL,NULL,NULL,'2014-05-02 00:00:00','wittmer',0),(7,'REA_BTS10:DCH_D0948','Horizontal E-Steerer',FALSE,NULL,NULL,NULL,NULL,NULL,NULL,NULL,NULL,NULL,NULL,NULL,'2014-05-02 00:00:00','wittmer',0),(8,'REA_BTS10:DCV_D0948','Vertical E-Steerer',FALSE,NULL,NULL,NULL,NULL,NULL,NULL,NULL,NULL,NULL,NULL,NULL,'2014-05-02 00:00:00','wittmer',0),(3,'REA_BTS10:BGV_D0949','Gate Valve',FALSE,NULL,NULL,NULL,NULL,NULL,NULL,NULL,NULL,NULL,NULL,NULL,'2014-05-02 00:00:00','wittmer',0),(25,'REA_BTS10:QE_D0952','DOUBLE PRECISIONt, EQuad A',FALSE,NULL,NULL,NULL,NULL,NULL,NULL,NULL,NULL,NULL,NULL,NULL,'2014-05-02 00:00:00','wittmer',0),(25,'REA_BTS10:QE_D0954','DOUBLE PRECISIONt, Equad B',FALSE,NULL,NULL,NULL,NULL,NULL,NULL,NULL,NULL,NULL,NULL,NULL,'2014-05-02 00:00:00','wittmer',0),(25,'REA_BTS10:QE_D0958','DOUBLE PRECISIONt, EQuad A',FALSE,NULL,NULL,NULL,NULL,NULL,NULL,NULL,NULL,NULL,NULL,NULL,'2014-05-02 00:00:00','wittmer',0),(25,'REA_BTS10:QE_D0960','DOUBLE PRECISIONt, Equad B',FALSE,NULL,NULL,NULL,NULL,NULL,NULL,NULL,NULL,NULL,NULL,NULL,'2014-05-02 00:00:00','wittmer',0),(10,'REA_BTS19:DE_D0970','E-Deflector Plate, 120mm gap',FALSE,NULL,NULL,NULL,NULL,NULL,NULL,NULL,NULL,NULL,NULL,NULL,'2014-05-02 00:00:00','wittmer',0),(2,'REA_BTS19:ATP_D0974','Attenuator, Right',FALSE,NULL,NULL,NULL,NULL,NULL,NULL,NULL,NULL,NULL,NULL,NULL,'2014-05-02 00:00:00','wittmer',0),(16,'REA_BTS19:FSD_D0975','Decay Counter',FALSE,NULL,NULL,NULL,NULL,NULL,NULL,NULL,NULL,NULL,NULL,NULL,'2014-05-02 00:00:00','wittmer',0),(40,'REA_BTS19:VD_D0976','Viewer Plate, Left',FALSE,NULL,NULL,NULL,NULL,NULL,NULL,NULL,NULL,NULL,NULL,NULL,'2014-05-02 00:00:00','wittmer',0),(4,'REA_BTS19:CAM_D0976','Camera, Right',FALSE,NULL,NULL,NULL,NULL,NULL,NULL,NULL,NULL,NULL,NULL,NULL,'2014-05-02 00:00:00','wittmer',0),(20,'REA_BTS19:MCPV_D0976','MultiChannel Plate, Bottom',FALSE,NULL,NULL,NULL,NULL,NULL,NULL,NULL,NULL,NULL,NULL,NULL,'2014-05-02 00:00:00','wittmer',0),(14,'REA_BTS19:FC_D0977','Faraday Cup, Top',FALSE,NULL,NULL,NULL,NULL,NULL,NULL,NULL,NULL,NULL,NULL,NULL,'2014-05-02 00:00:00','wittmer',0),(25,'REA_BTS19:QE_D0979','DOUBLE PRECISIONt, EQuad A',FALSE,NULL,NULL,NULL,NULL,NULL,NULL,NULL,NULL,NULL,NULL,NULL,'2014-05-02 00:00:00','wittmer',0),(25,'REA_BTS19:QE_D0981','DOUBLE PRECISIONt, Equad B',FALSE,NULL,NULL,NULL,NULL,NULL,NULL,NULL,NULL,NULL,NULL,NULL,'2014-05-02 00:00:00','wittmer',0),(25,'REA_BTS19:QE_D0985','DOUBLE PRECISIONt, EQuad A',FALSE,NULL,NULL,NULL,NULL,NULL,NULL,NULL,NULL,NULL,NULL,NULL,'2014-05-02 00:00:00','wittmer',0),(25,'REA_BTS19:QE_D0987','DOUBLE PRECISIONt, Equad B',FALSE,NULL,NULL,NULL,NULL,NULL,NULL,NULL,NULL,NULL,NULL,NULL,'2014-05-02 00:00:00','wittmer',0),(40,'REA_BTS19:VD_D0990','Viewer Plate, Left',FALSE,NULL,NULL,NULL,NULL,NULL,NULL,NULL,NULL,NULL,NULL,NULL,'2014-05-02 00:00:00','wittmer',0),(4,'REA_BTS19:CAM_D0990','Camera, Right',FALSE,NULL,NULL,NULL,NULL,NULL,NULL,NULL,NULL,NULL,NULL,NULL,'2014-05-02 00:00:00','wittmer',0),(21,'REA_BTS19:MHB_D0993','MultiHarmonic Buncher',FALSE,NULL,NULL,NULL,NULL,NULL,NULL,NULL,NULL,NULL,NULL,NULL,'2014-05-02 00:00:00','wittmer',0),(36,'REA_BTS19:SOLR_D0996','0.7T Solenoid',FALSE,NULL,NULL,NULL,NULL,NULL,NULL,NULL,NULL,NULL,NULL,NULL,'2014-05-02 00:00:00','wittmer',0),(9,'REA_BTS19:DD_D0998','45deg Slit Drive, Top-Right',FALSE,NULL,NULL,NULL,NULL,NULL,NULL,NULL,NULL,NULL,NULL,NULL,'2014-05-02 00:00:00','wittmer',0),(14,'REA_BTS19:FC_D0999','Faraday Cup, Top',FALSE,NULL,NULL,NULL,NULL,NULL,NULL,NULL,NULL,NULL,NULL,NULL,'2014-05-02 00:00:00','wittmer',0),(40,'REA_BTS19:VD_D0999','Viewer Plate',FALSE,NULL,NULL,NULL,NULL,NULL,NULL,NULL,NULL,NULL,NULL,NULL,'2014-05-02 00:00:00','wittmer',0),(4,'REA_BTS19:CAM_D0999','Camera',FALSE,NULL,NULL,NULL,NULL,NULL,NULL,NULL,NULL,NULL,NULL,NULL,'2014-05-02 00:00:00','wittmer',0),(38,'REA_BTS19:TID_D0999','Timing Detector, Bottom',FALSE,NULL,NULL,NULL,NULL,NULL,NULL,NULL,NULL,NULL,NULL,NULL,'2014-05-02 00:00:00','wittmer',0),(3,'REA_RFQ:BGV_D0999','Gate Valve',FALSE,NULL,NULL,NULL,NULL,NULL,NULL,NULL,NULL,NULL,NULL,NULL,'2014-05-02 00:00:00','wittmer',0),(28,'REA_RFQ:RFQ_D1017','RFQ',FALSE,NULL,NULL,NULL,NULL,NULL,NULL,NULL,NULL,NULL,NULL,NULL,'2014-05-02 00:00:00','wittmer',0),(3,'REA_RFQ:BGV_D1035','Gate Valve',FALSE,NULL,NULL,NULL,NULL,NULL,NULL,NULL,NULL,NULL,NULL,NULL,'2014-05-02 00:00:00','wittmer',0),(30,'REA_BTS20:SLH_D1037','Horizontal Slit',FALSE,NULL,NULL,NULL,NULL,NULL,NULL,NULL,NULL,NULL,NULL,NULL,'2014-05-02 00:00:00','wittmer',0),(2,'REA_BTS20:ATP_D1037','Vertical Slit',FALSE,NULL,NULL,NULL,NULL,NULL,NULL,NULL,NULL,NULL,NULL,NULL,'2014-05-02 00:00:00','wittmer',0),(34,'REA_BTS20:SLV_D1038','Vertical Slit',FALSE,NULL,NULL,NULL,NULL,NULL,NULL,NULL,NULL,NULL,NULL,NULL,'2014-05-02 00:00:00','wittmer',0),(9,'REA_BTS20:DD_D1039','45deg Slit Drive, Top-Right',FALSE,NULL,NULL,NULL,NULL,NULL,NULL,NULL,NULL,NULL,NULL,NULL,'2014-05-02 00:00:00','wittmer',0),(38,'REA_BTS20:TID_D1039','Timing Detector',FALSE,NULL,NULL,NULL,NULL,NULL,NULL,NULL,NULL,NULL,NULL,NULL,'2014-05-02 00:00:00','wittmer',0),(14,'REA_BTS20:FC_D1039','Faraday Cup',FALSE,NULL,NULL,NULL,NULL,NULL,NULL,NULL,NULL,NULL,NULL,NULL,'2014-05-02 00:00:00','wittmer',0),(3,'REA_CK01:BGV_D1042','Gate Valve',FALSE,NULL,NULL,NULL,NULL,NULL,NULL,NULL,NULL,NULL,NULL,NULL,'2014-05-02 00:00:00','wittmer',0),(7,'REA_CK01:DCH_D1045','Horizontal Mag. Steerer',FALSE,NULL,NULL,NULL,NULL,NULL,NULL,NULL,NULL,NULL,NULL,NULL,'2014-05-02 00:00:00','wittmer',0),(8,'REA_CK01:DCV_D1045','Vertical Mag. Steerer',FALSE,NULL,NULL,NULL,NULL,NULL,NULL,NULL,NULL,NULL,NULL,NULL,'2014-05-02 00:00:00','wittmer',0),(37,'REA_CK01:SOLS_D1045','9T SC Solenoid',FALSE,NULL,NULL,NULL,NULL,NULL,NULL,NULL,NULL,NULL,NULL,NULL,'2014-05-02 00:00:00','wittmer',0),(5,'REA_CK01:CAV_D1049','Cavity, Beta = 0.041',FALSE,NULL,NULL,NULL,NULL,NULL,NULL,NULL,NULL,NULL,NULL,NULL,'2014-05-02 00:00:00','wittmer',0),(7,'REA_CK01:DCH_D1052','Horizontal Mag. Steerer',FALSE,NULL,NULL,NULL,NULL,NULL,NULL,NULL,NULL,NULL,NULL,NULL,'2014-05-02 00:00:00','wittmer',0),(8,'REA_CK01:DCV_D1052','Vertical Mag. Steerer',FALSE,NULL,NULL,NULL,NULL,NULL,NULL,NULL,NULL,NULL,NULL,NULL,'2014-05-02 00:00:00','wittmer',0),(37,'REA_CK01:SOLS_D1052','9T SC Solenoid',FALSE,NULL,NULL,NULL,NULL,NULL,NULL,NULL,NULL,NULL,NULL,NULL,'2014-05-02 00:00:00','wittmer',0),(3,'REA_CK01:BGV_D1055','Gate Valve',FALSE,NULL,NULL,NULL,NULL,NULL,NULL,NULL,NULL,NULL,NULL,NULL,'2014-05-02 00:00:00','wittmer',0),(9,'REA_WK01:DD_D1058','45deg Slit Drive',FALSE,NULL,NULL,NULL,NULL,NULL,NULL,NULL,NULL,NULL,NULL,NULL,'2014-05-02 00:00:00','wittmer',0),(16,'REA_WK01:FSD_D1058','Foil Si Detector',FALSE,NULL,NULL,NULL,NULL,NULL,NULL,NULL,NULL,NULL,NULL,NULL,'2014-05-02 00:00:00','wittmer',0),(1,'REA_WK01:AP_D1059','Defining Aperture',FALSE,NULL,NULL,NULL,NULL,NULL,NULL,NULL,NULL,NULL,NULL,NULL,'2014-05-02 00:00:00','wittmer',0),(38,'REA_WK01:TID_D1059','Timing Detector',FALSE,NULL,NULL,NULL,NULL,NULL,NULL,NULL,NULL,NULL,NULL,NULL,'2014-05-02 00:00:00','wittmer',0),(14,'REA_WK01:FC_D1059','Faraday Cup',FALSE,NULL,NULL,NULL,NULL,NULL,NULL,NULL,NULL,NULL,NULL,NULL,'2014-05-02 00:00:00','wittmer',0),(3,'REA_CL01:BGV_D1062','Gate Valve',FALSE,NULL,NULL,NULL,NULL,NULL,NULL,NULL,NULL,NULL,NULL,NULL,'2014-05-02 00:00:00','wittmer',0),(5,'REA_CL01:CAV_D1065','Cavity, Beta = 0.041',FALSE,NULL,NULL,NULL,NULL,NULL,NULL,NULL,NULL,NULL,NULL,NULL,'2014-05-02 00:00:00','wittmer',0),(7,'REA_CL01:DCH_D1069','Horizontal Mag. Steerer',FALSE,NULL,NULL,NULL,NULL,NULL,NULL,NULL,NULL,NULL,NULL,NULL,'2014-05-02 00:00:00','wittmer',0),(8,'REA_CL01:DCV_D1069','Vertical Mag. Steerer',FALSE,NULL,NULL,NULL,NULL,NULL,NULL,NULL,NULL,NULL,NULL,NULL,'2014-05-02 00:00:00','wittmer',0),(35,'REA_CL01:SOL_D1069','9T SC Solenoid',FALSE,NULL,NULL,NULL,NULL,NULL,NULL,NULL,NULL,NULL,NULL,NULL,'2014-05-02 00:00:00','wittmer',0),(5,'REA_CL01:CAV_D1072','Cavity, Beta = 0.041',FALSE,NULL,NULL,NULL,NULL,NULL,NULL,NULL,NULL,NULL,NULL,NULL,'2014-05-02 00:00:00','wittmer',0),(5,'REA_CL01:CAV_D1075','Cavity, Beta = 0.041',FALSE,NULL,NULL,NULL,NULL,NULL,NULL,NULL,NULL,NULL,NULL,NULL,'2014-05-02 00:00:00','wittmer',0),(7,'REA_CL01:DCH_D1078','Horizontal Mag. Steerer',FALSE,NULL,NULL,NULL,NULL,NULL,NULL,NULL,NULL,NULL,NULL,NULL,'2014-05-02 00:00:00','wittmer',0),(8,'REA_CL01:DCV_D1078','Vertical Mag. Steerer',FALSE,NULL,NULL,NULL,NULL,NULL,NULL,NULL,NULL,NULL,NULL,NULL,'2014-05-02 00:00:00','wittmer',0),(35,'REA_CL01:SOL_D1078','9T SC Solenoid',FALSE,NULL,NULL,NULL,NULL,NULL,NULL,NULL,NULL,NULL,NULL,NULL,'2014-05-02 00:00:00','wittmer',0),(5,'REA_CL01:CAV_D1082','Cavity, Beta = 0.041',FALSE,NULL,NULL,NULL,NULL,NULL,NULL,NULL,NULL,NULL,NULL,NULL,'2014-05-02 00:00:00','wittmer',0),(5,'REA_CL01:CAV_D1084','Cavity, Beta = 0.041',FALSE,NULL,NULL,NULL,NULL,NULL,NULL,NULL,NULL,NULL,NULL,NULL,'2014-05-02 00:00:00','wittmer',0),(7,'REA_CL01:DCH_D1088','Horizontal Mag. Steerer',FALSE,NULL,NULL,NULL,NULL,NULL,NULL,NULL,NULL,NULL,NULL,NULL,'2014-05-02 00:00:00','wittmer',0),(8,'REA_CL01:DCV_D1088','Vertical Mag. Steerer',FALSE,NULL,NULL,NULL,NULL,NULL,NULL,NULL,NULL,NULL,NULL,NULL,'2014-05-02 00:00:00','wittmer',0),(35,'REA_CL01:SOL_D1088','9T SC Solenoid',FALSE,NULL,NULL,NULL,NULL,NULL,NULL,NULL,NULL,NULL,NULL,NULL,'2014-05-02 00:00:00','wittmer',0),(5,'REA_CL01:CAV_D1091','Cavity, Beta = 0.041',FALSE,NULL,NULL,NULL,NULL,NULL,NULL,NULL,NULL,NULL,NULL,NULL,'2014-05-02 00:00:00','wittmer',0),(3,'REA_CL01:BGV_D1094','Gate Valve',FALSE,NULL,NULL,NULL,NULL,NULL,NULL,NULL,NULL,NULL,NULL,NULL,'2014-05-02 00:00:00','wittmer',0),(9,'REA_WL01:DD_D1096','45deg Slit Drive',FALSE,NULL,NULL,NULL,NULL,NULL,NULL,NULL,NULL,NULL,NULL,NULL,'2014-05-02 00:00:00','wittmer',0),(16,'REA_WL01:FSD_D1096','Foil Si Detector',FALSE,NULL,NULL,NULL,NULL,NULL,NULL,NULL,NULL,NULL,NULL,NULL,'2014-05-02 00:00:00','wittmer',0),(38,'REA_WL01:TID_D1097','Timing Detector',FALSE,NULL,NULL,NULL,NULL,NULL,NULL,NULL,NULL,NULL,NULL,NULL,'2014-05-02 00:00:00','wittmer',0),(14,'REA_WL01:FC_D1097','Faraday Cup',FALSE,NULL,NULL,NULL,NULL,NULL,NULL,NULL,NULL,NULL,NULL,NULL,'2014-05-02 00:00:00','wittmer',0),(3,'REA_CM01:BGV_D1099','Gate Valve',FALSE,NULL,NULL,NULL,NULL,NULL,NULL,NULL,NULL,NULL,NULL,NULL,'2014-05-02 00:00:00','wittmer',0),(5,'REA_CM01:CAV_D1102','Cavity, Beta = 0.085',FALSE,NULL,NULL,NULL,NULL,NULL,NULL,NULL,NULL,NULL,NULL,NULL,'2014-05-02 00:00:00','wittmer',0),(7,'REA_CM01:DCH_D1106','Horizontal Mag. Steerer',FALSE,NULL,NULL,NULL,NULL,NULL,NULL,NULL,NULL,NULL,NULL,NULL,'2014-05-02 00:00:00','wittmer',0),(8,'REA_CM01:DCV_D1106','Vertical Mag. Steerer',FALSE,NULL,NULL,NULL,NULL,NULL,NULL,NULL,NULL,NULL,NULL,NULL,'2014-05-02 00:00:00','wittmer',0),(35,'REA_CM01:SOL_D1106','9T SC Solenoid',FALSE,NULL,NULL,NULL,NULL,NULL,NULL,NULL,NULL,NULL,NULL,NULL,'2014-05-02 00:00:00','wittmer',0),(5,'REA_CM01:CAV_D1111','Cavity, Beta = 0.085',FALSE,NULL,NULL,NULL,NULL,NULL,NULL,NULL,NULL,NULL,NULL,NULL,'2014-05-02 00:00:00','wittmer',0),(5,'REA_CM01:CAV_D1115','Cavity, Beta = 0.085',FALSE,NULL,NULL,NULL,NULL,NULL,NULL,NULL,NULL,NULL,NULL,NULL,'2014-05-02 00:00:00','wittmer',0),(5,'REA_CM01:CAV_D1118','Cavity, Beta = 0.085',FALSE,NULL,NULL,NULL,NULL,NULL,NULL,NULL,NULL,NULL,NULL,NULL,'2014-05-02 00:00:00','wittmer',0),(7,'REA_CM01:DCH_D1123','Horizontal Mag. Steerer',FALSE,NULL,NULL,NULL,NULL,NULL,NULL,NULL,NULL,NULL,NULL,NULL,'2014-05-02 00:00:00','wittmer',0),(8,'REA_CM01:DCV_D1123','Vertical Mag. Steerer',FALSE,NULL,NULL,NULL,NULL,NULL,NULL,NULL,NULL,NULL,NULL,NULL,'2014-05-02 00:00:00','wittmer',0),(35,'REA_CM01:SOL_D1123','9T SC Solenoid',FALSE,NULL,NULL,NULL,NULL,NULL,NULL,NULL,NULL,NULL,NULL,NULL,'2014-05-02 00:00:00','wittmer',0),(5,'REA_CM01:CAV_D1127','Cavity, Beta = 0.085',FALSE,NULL,NULL,NULL,NULL,NULL,NULL,NULL,NULL,NULL,NULL,NULL,'2014-05-02 00:00:00','wittmer',0),(5,'REA_CM01:CAV_D1131','Cavity, Beta = 0.085',FALSE,NULL,NULL,NULL,NULL,NULL,NULL,NULL,NULL,NULL,NULL,NULL,'2014-05-02 00:00:00','wittmer',0),(5,'REA_CM01:CAV_D1135','Cavity, Beta = 0.085',FALSE,NULL,NULL,NULL,NULL,NULL,NULL,NULL,NULL,NULL,NULL,NULL,'2014-05-02 00:00:00','wittmer',0),(7,'REA_CM01:DCH_D1139','Horizontal Mag. Steerer',FALSE,NULL,NULL,NULL,NULL,NULL,NULL,NULL,NULL,NULL,NULL,NULL,'2014-05-02 00:00:00','wittmer',0),(8,'REA_CM01:DCV_D1139','Vertical Mag. Steerer',FALSE,NULL,NULL,NULL,NULL,NULL,NULL,NULL,NULL,NULL,NULL,NULL,'2014-05-02 00:00:00','wittmer',0),(35,'REA_CM01:SOL_D1139','9T SC Solenoid',FALSE,NULL,NULL,NULL,NULL,NULL,NULL,NULL,NULL,NULL,NULL,NULL,'2014-05-02 00:00:00','wittmer',0),(5,'REA_CM01:CAV_D1143','Cavity, Beta = 0.085',FALSE,NULL,NULL,NULL,NULL,NULL,NULL,NULL,NULL,NULL,NULL,NULL,'2014-05-02 00:00:00','wittmer',0),(3,'REA_CM01:BGV_D1146','Gate Valve',FALSE,NULL,NULL,NULL,NULL,NULL,NULL,NULL,NULL,NULL,NULL,NULL,'2014-05-02 00:00:00','wittmer',0),(9,'REA_WM01:DD_D1148','45deg Slit Drive',FALSE,NULL,NULL,NULL,NULL,NULL,NULL,NULL,NULL,NULL,NULL,NULL,'2014-05-02 00:00:00','wittmer',0),(16,'REA_WM01:FSD_D1148','Foil Si Detector',FALSE,NULL,NULL,NULL,NULL,NULL,NULL,NULL,NULL,NULL,NULL,NULL,'2014-05-02 00:00:00','wittmer',0),(38,'REA_WM01:TID_D1149','Timing Detector',FALSE,NULL,NULL,NULL,NULL,NULL,NULL,NULL,NULL,NULL,NULL,NULL,'2014-05-02 00:00:00','wittmer',0),(14,'REA_WM01:FC_D1149','Faraday Cup',FALSE,NULL,NULL,NULL,NULL,NULL,NULL,NULL,NULL,NULL,NULL,NULL,'2014-05-02 00:00:00','wittmer',0),(6,'REA_BTS23:D_D1156','Dipole magnet, vertical, RT',FALSE,NULL,NULL,NULL,NULL,NULL,NULL,NULL,NULL,NULL,NULL,NULL,'2014-05-02 00:00:00','wittmer',0),(3,'REA_BTS25:BGV_D1161','Gate valve',FALSE,NULL,NULL,NULL,NULL,NULL,NULL,NULL,NULL,NULL,NULL,NULL,'2014-05-02 00:00:00','wittmer',0),(1,'REA_BTS24:AP_D1163','Aperture',FALSE,NULL,NULL,NULL,NULL,NULL,NULL,NULL,NULL,NULL,NULL,NULL,'2014-05-02 00:00:00','wittmer',0),(14,'REA_BTS24:FC_D1164','Faraday Cup',FALSE,NULL,NULL,NULL,NULL,NULL,NULL,NULL,NULL,NULL,NULL,NULL,'2014-05-02 00:00:00','wittmer',0),(24,'REA_BTS25:QH_D1164','Quad, RT, horizontal',FALSE,NULL,NULL,NULL,NULL,NULL,NULL,NULL,NULL,NULL,NULL,NULL,'2014-05-02 00:00:00','wittmer',0),(29,'REA_BTS25:SLB_D1166','Vertical Slit',FALSE,NULL,NULL,NULL,NULL,NULL,NULL,NULL,NULL,NULL,NULL,NULL,'2014-05-02 00:00:00','wittmer',0),(33,'REA_BTS25:SLT_D1166','Vertical Slit',FALSE,NULL,NULL,NULL,NULL,NULL,NULL,NULL,NULL,NULL,NULL,NULL,'2014-05-02 00:00:00','wittmer',0),(34,'REA_BTS25:SLV_D1166','Vertical Slit',FALSE,NULL,NULL,NULL,NULL,NULL,NULL,NULL,NULL,NULL,NULL,NULL,'2014-05-02 00:00:00','wittmer',0),(24,'REA_BTS25:Q_D1169','Quad, RT, vertical',FALSE,NULL,NULL,NULL,NULL,NULL,NULL,NULL,NULL,NULL,NULL,NULL,'2014-05-02 00:00:00','wittmer',0),(7,'REA_BTS25:DCH_D1172','Corrector, horizontal, RT',FALSE,NULL,NULL,NULL,NULL,NULL,NULL,NULL,NULL,NULL,NULL,NULL,'2014-05-02 00:00:00','wittmer',0),(8,'REA_BTS25:DCV_D1172','Corrector, vertical, RT',FALSE,NULL,NULL,NULL,NULL,NULL,NULL,NULL,NULL,NULL,NULL,NULL,'2014-05-02 00:00:00','wittmer',0),(24,'REA_BTS25:Q_D1174','Quad, RT, horizontal',FALSE,NULL,NULL,NULL,NULL,NULL,NULL,NULL,NULL,NULL,NULL,NULL,'2014-05-02 00:00:00','wittmer',0),(40,'REA_BTS25:VD_D1178','Viewer Plate',FALSE,NULL,NULL,NULL,NULL,NULL,NULL,NULL,NULL,NULL,NULL,NULL,'2014-05-02 00:00:00','wittmer',0),(4,'REA_BTS25:CAM_D1178','Camera',FALSE,NULL,NULL,NULL,NULL,NULL,NULL,NULL,NULL,NULL,NULL,NULL,'2014-05-02 00:00:00','wittmer',0),(14,'REA_BTS25:FC_D1178','Faraday Cup',FALSE,NULL,NULL,NULL,NULL,NULL,NULL,NULL,NULL,NULL,NULL,NULL,'2014-05-02 00:00:00','wittmer',0),(13,'REA_BTS25:FAVS_D1178','Sensor fast gate valve',FALSE,NULL,NULL,NULL,NULL,NULL,NULL,NULL,NULL,NULL,NULL,NULL,'2014-05-02 00:00:00','wittmer',0),(24,'REA_BTS25:Q_D1182','Quad, RT, horizontal',FALSE,NULL,NULL,NULL,NULL,NULL,NULL,NULL,NULL,NULL,NULL,NULL,'2014-05-02 00:00:00','wittmer',0),(24,'REA_BTS25:Q_D1186','Quad, RT, vertical',FALSE,NULL,NULL,NULL,NULL,NULL,NULL,NULL,NULL,NULL,NULL,NULL,'2014-05-02 00:00:00','wittmer',0),(24,'REA_BTS25:Q_D1192','Quad, RT, horizontal',FALSE,NULL,NULL,NULL,NULL,NULL,NULL,NULL,NULL,NULL,NULL,NULL,'2014-05-02 00:00:00','wittmer',0),(6,'REA_BTS25:D_D1200','Dipole magnet, vertical, RT',FALSE,NULL,NULL,NULL,NULL,NULL,NULL,NULL,NULL,NULL,NULL,NULL,'2014-05-02 00:00:00','wittmer',0),(3,'REA_BTS25:BGV_D1205','Gate valve',FALSE,NULL,NULL,NULL,NULL,NULL,NULL,NULL,NULL,NULL,NULL,NULL,'2014-05-02 00:00:00','wittmer',0),(38,'REA_BTS25:TID_D1207','Timing Detector',FALSE,NULL,NULL,NULL,NULL,NULL,NULL,NULL,NULL,NULL,NULL,NULL,'2014-05-02 00:00:00','wittmer',0),(9,'REA_BTS25:DD_D1207','45deg Slit Drive',FALSE,NULL,NULL,NULL,NULL,NULL,NULL,NULL,NULL,NULL,NULL,NULL,'2014-05-02 00:00:00','wittmer',0),(16,'REA_BTS25:FSD_D1207','Foil Si Detector',FALSE,NULL,NULL,NULL,NULL,NULL,NULL,NULL,NULL,NULL,NULL,NULL,'2014-05-02 00:00:00','wittmer',0),(14,'REA_BTS25:FC_D1207','Faraday Cup',FALSE,NULL,NULL,NULL,NULL,NULL,NULL,NULL,NULL,NULL,NULL,NULL,'2014-05-02 00:00:00','wittmer',0),(13,'REA_BTS25:FAVS_D1207','Sensor fast gate valve',FALSE,NULL,NULL,NULL,NULL,NULL,NULL,NULL,NULL,NULL,NULL,NULL,'2014-05-02 00:00:00','wittmer',0),(38,'REA_BTS25:TID_D1212','Timing Detector',FALSE,NULL,NULL,NULL,NULL,NULL,NULL,NULL,NULL,NULL,NULL,NULL,'2014-05-02 00:00:00','wittmer',0),(7,'REA_BTS28:DCH_D1219','Corrector, horizontal, RT',FALSE,NULL,NULL,NULL,NULL,NULL,NULL,NULL,NULL,NULL,NULL,NULL,'2014-05-02 00:00:00','wittmer',0),(8,'REA_BTS28:DCV_D1219','Corrector, vertical, RT',FALSE,NULL,NULL,NULL,NULL,NULL,NULL,NULL,NULL,NULL,NULL,NULL,'2014-05-02 00:00:00','wittmer',0),(24,'REA_BTS28:Q_D1221','Quad, RT, horizontal',FALSE,NULL,NULL,NULL,NULL,NULL,NULL,NULL,NULL,NULL,NULL,NULL,'2014-05-02 00:00:00','wittmer',0),(24,'REA_BTS28:Q_D1228','Quad, RT, vertical',FALSE,NULL,NULL,NULL,NULL,NULL,NULL,NULL,NULL,NULL,NULL,NULL,'2014-05-02 00:00:00','wittmer',0),(24,'REA_BTS28:Q_D1245','Quad, RT, horizontal',FALSE,NULL,NULL,NULL,NULL,NULL,NULL,NULL,NULL,NULL,NULL,NULL,'2014-05-02 00:00:00','wittmer',0),(24,'REA_BTS28:Q_D1252','Quad, RT, vertical',FALSE,NULL,NULL,NULL,NULL,NULL,NULL,NULL,NULL,NULL,NULL,NULL,'2014-05-02 00:00:00','wittmer',0),(40,'REA_BTS28:VD_D1256','Viewer Plate',FALSE,NULL,NULL,NULL,NULL,NULL,NULL,NULL,NULL,NULL,NULL,NULL,'2014-05-02 00:00:00','wittmer',0),(4,'REA_BTS28:CAM_D1256','Camera',FALSE,NULL,NULL,NULL,NULL,NULL,NULL,NULL,NULL,NULL,NULL,NULL,'2014-05-02 00:00:00','wittmer',0),(29,'REA_BTS28:SLB_D1256','4 jaw collimator',FALSE,NULL,NULL,NULL,NULL,NULL,NULL,NULL,NULL,NULL,NULL,NULL,'2014-05-02 00:00:00','wittmer',0),(31,'REA_BTS28:SLL_D1256','4 jaw collimator',FALSE,NULL,NULL,NULL,NULL,NULL,NULL,NULL,NULL,NULL,NULL,NULL,'2014-05-02 00:00:00','wittmer',0),(32,'REA_BTS28:SLR_D1256','4 jaw collimator',FALSE,NULL,NULL,NULL,NULL,NULL,NULL,NULL,NULL,NULL,NULL,NULL,'2014-05-02 00:00:00','wittmer',0),(33,'REA_BTS28:SLT_D1256','4 jaw collimator',FALSE,NULL,NULL,NULL,NULL,NULL,NULL,NULL,NULL,NULL,NULL,NULL,'2014-05-02 00:00:00','wittmer',0),(38,'REA_BTS28:TID_D1256','RIB diag. (diamond)',FALSE,NULL,NULL,NULL,NULL,NULL,NULL,NULL,NULL,NULL,NULL,NULL,'2014-05-02 00:00:00','wittmer',0),(9,'REA_BTS28:DD_D1256','45 deg Slit Drive',FALSE,NULL,NULL,NULL,NULL,NULL,NULL,NULL,NULL,NULL,NULL,NULL,'2014-05-02 00:00:00','wittmer',0),(14,'REA_BTS28:FC_D1256','Faraday Cup',FALSE,NULL,NULL,NULL,NULL,NULL,NULL,NULL,NULL,NULL,NULL,NULL,'2014-05-02 00:00:00','wittmer',0),(16,'REA_BTS28:FSD_D1256','Decay Counter',FALSE,NULL,NULL,NULL,NULL,NULL,NULL,NULL,NULL,NULL,NULL,NULL,'2014-05-02 00:00:00','wittmer',0),(7,'REA_BTS28:DCH_D1270','Corrector, horizontal, RT',FALSE,NULL,NULL,NULL,NULL,NULL,NULL,NULL,NULL,NULL,NULL,NULL,'2014-05-02 00:00:00','wittmer',0),(8,'REA_BTS28:DCV_D1270','Corrector, vertical, RT',FALSE,NULL,NULL,NULL,NULL,NULL,NULL,NULL,NULL,NULL,NULL,NULL,'2014-05-02 00:00:00','wittmer',0),(24,'REA_BTS28:Q_D1272','Quad, RT, horizontal',FALSE,NULL,NULL,NULL,NULL,NULL,NULL,NULL,NULL,NULL,NULL,NULL,'2014-05-02 00:00:00','wittmer',0),(24,'REA_BTS28:Q_D1275','Quad, RT, vertical',FALSE,NULL,NULL,NULL,NULL,NULL,NULL,NULL,NULL,NULL,NULL,NULL,'2014-05-02 00:00:00','wittmer',0),(24,'REA_BTS28:Q_D1281','Quad, RT, vertical',FALSE,NULL,NULL,NULL,NULL,NULL,NULL,NULL,NULL,NULL,NULL,NULL,'2014-05-02 00:00:00','wittmer',0),(24,'REA_BTS30:Q_D1285','Quad, RT, horizontal',FALSE,NULL,NULL,NULL,NULL,NULL,NULL,NULL,NULL,NULL,NULL,NULL,'2014-05-02 00:00:00','wittmer',0),(16,'REA_BTS28:FSD_D1288','Decay Counter',FALSE,NULL,NULL,NULL,NULL,NULL,NULL,NULL,NULL,NULL,NULL,NULL,'2014-05-02 00:00:00','wittmer',0),(6,'REA_BTS28:D_D1296','Dipole magnet, horizontal, RT',FALSE,NULL,NULL,NULL,NULL,NULL,NULL,NULL,NULL,NULL,NULL,NULL,'2014-05-02 00:00:00','wittmer',0),(3,'REA_BTS30:BGV_D1301','Gate valve',FALSE,NULL,NULL,NULL,NULL,NULL,NULL,NULL,NULL,NULL,NULL,NULL,'2014-05-02 00:00:00','wittmer',0),(12,'REA_BTS30:FAV_D1301','Fast Acting Gate valve',FALSE,NULL,NULL,NULL,NULL,NULL,NULL,NULL,NULL,NULL,NULL,NULL,'2014-05-02 00:00:00','wittmer',0),(7,'REA_BTS30:DCH_D1305','Corrector, horizontal, RT',FALSE,NULL,NULL,NULL,NULL,NULL,NULL,NULL,NULL,NULL,NULL,NULL,'2014-05-02 00:00:00','wittmer',0),(8,'REA_BTS30:DCV_D1305','Corrector, vertical, RT',FALSE,NULL,NULL,NULL,NULL,NULL,NULL,NULL,NULL,NULL,NULL,NULL,'2014-05-02 00:00:00','wittmer',0),(24,'REA_BTS30:Q_D1307','Quad, RT, vertical',FALSE,NULL,NULL,NULL,NULL,NULL,NULL,NULL,NULL,NULL,NULL,NULL,'2014-05-02 00:00:00','wittmer',0),(24,'REA_BTS30:Q_D1310','Quad, RT, horizontal',FALSE,NULL,NULL,NULL,NULL,NULL,NULL,NULL,NULL,NULL,NULL,NULL,'2014-05-02 00:00:00','wittmer',0),(31,'REA_BTS30:SLL_D1316','Horizontal Slit',FALSE,NULL,NULL,NULL,NULL,NULL,NULL,NULL,NULL,NULL,NULL,NULL,'2014-05-02 00:00:00','wittmer',0),(32,'REA_BTS30:SLR_D1316','Horizontal Slit',FALSE,NULL,NULL,NULL,NULL,NULL,NULL,NULL,NULL,NULL,NULL,NULL,'2014-05-02 00:00:00','wittmer',0),(40,'REA_BTS30:VD_D1316','Viewer Plate',FALSE,NULL,NULL,NULL,NULL,NULL,NULL,NULL,NULL,NULL,NULL,NULL,'2014-05-02 00:00:00','wittmer',0),(4,'REA_BTS30:CAM_D1316','Camera',FALSE,NULL,NULL,NULL,NULL,NULL,NULL,NULL,NULL,NULL,NULL,NULL,'2014-05-02 00:00:00','wittmer',0),(38,'REA_BTS30:TID_D1316','Timing Detector',FALSE,NULL,NULL,NULL,NULL,NULL,NULL,NULL,NULL,NULL,NULL,NULL,'2014-05-02 00:00:00','wittmer',0),(14,'REA_BTS30:FC_D1316','Faraday Cup',FALSE,NULL,NULL,NULL,NULL,NULL,NULL,NULL,NULL,NULL,NULL,NULL,'2014-05-02 00:00:00','wittmer',0),(16,'REA_BTS30:FSD_D1316','Decay Counter',FALSE,NULL,NULL,NULL,NULL,NULL,NULL,NULL,NULL,NULL,NULL,NULL,'2014-05-02 00:00:00','wittmer',0),(24,'REA_BTS30:Q_D1323','Quad, RT, horizontal',FALSE,NULL,NULL,NULL,NULL,NULL,NULL,NULL,NULL,NULL,NULL,NULL,'2014-05-02 00:00:00','wittmer',0),(24,'REA_BTS30:Q_D1327','Quad, RT, vertical',FALSE,NULL,NULL,NULL,NULL,NULL,NULL,NULL,NULL,NULL,NULL,NULL,'2014-05-02 00:00:00','wittmer',0),(6,'REA_BTS30:D_D1338','Dipole magnet, horizontal, RT',FALSE,NULL,NULL,NULL,NULL,NULL,NULL,NULL,NULL,NULL,NULL,NULL,'2014-05-02 00:00:00','wittmer',0),(7,'REA_BTS30:DCH_D1345','Corrector, horizontal, RT',FALSE,NULL,NULL,NULL,NULL,NULL,NULL,NULL,NULL,NULL,NULL,NULL,'2014-05-02 00:00:00','wittmer',0),(8,'REA_BTS30:DCV_D1345','Corrector, vertical, RT',FALSE,NULL,NULL,NULL,NULL,NULL,NULL,NULL,NULL,NULL,NULL,NULL,'2014-05-02 00:00:00','wittmer',0),(24,'REA_BTS30:Q_D1346','Quad, RT, horizontal',FALSE,NULL,NULL,NULL,NULL,NULL,NULL,NULL,NULL,NULL,NULL,NULL,'2014-05-02 00:00:00','wittmer',0),(24,'REA_BTS30:Q_D1351','Quad, RT, vertical',FALSE,NULL,NULL,NULL,NULL,NULL,NULL,NULL,NULL,NULL,NULL,NULL,'2014-05-02 00:00:00','wittmer',0),(14,'REA_BTS30:FC_D1355','Faraday Cup',FALSE,NULL,NULL,NULL,NULL,NULL,NULL,NULL,NULL,NULL,NULL,NULL,'2014-05-02 00:00:00','wittmer',0),(13,'REA_BTS30:FAVS_D1355','Sensor fast gate valve',FALSE,NULL,NULL,NULL,NULL,NULL,NULL,NULL,NULL,NULL,NULL,NULL,'2014-05-02 00:00:00','wittmer',0),(11,'REA_BTS30:DH_D1362','Dipole magnet, horizontal, RT',FALSE,NULL,NULL,NULL,NULL,NULL,NULL,NULL,NULL,NULL,NULL,NULL,'2014-05-02 00:00:00','wittmer',0),(3,'REA_BTS31:BGV_D1367','Gate valve',FALSE,NULL,NULL,NULL,NULL,NULL,NULL,NULL,NULL,NULL,NULL,NULL,'2014-05-02 00:00:00','wittmer',0),(24,'REA_BTS32:Q_D1369','Quad, RT, horizonal',FALSE,NULL,NULL,NULL,NULL,NULL,NULL,NULL,NULL,NULL,NULL,NULL,'2014-05-02 00:00:00','wittmer',0),(24,'REA_BTS31:Q_D1374','Quad, RT, vertical',FALSE,NULL,NULL,NULL,NULL,NULL,NULL,NULL,NULL,NULL,NULL,NULL,'2014-05-02 00:00:00','wittmer',0),(11,'REA_BTS32:DH_D1376','Dipole magnet, horizontal, RT',FALSE,NULL,NULL,NULL,NULL,NULL,NULL,NULL,NULL,NULL,NULL,NULL,'2014-05-02 00:00:00','wittmer',0),(3,'REA_BTS33:BGV_D1381','Gate valve',FALSE,NULL,NULL,NULL,NULL,NULL,NULL,NULL,NULL,NULL,NULL,NULL,'2014-05-02 00:00:00','wittmer',0),(24,'REA_BTS31:Q_D1381','Quad, RT, horizontal',FALSE,NULL,NULL,NULL,NULL,NULL,NULL,NULL,NULL,NULL,NULL,NULL,'2014-05-02 00:00:00','wittmer',0),(3,'REA_BTS34:BGV_D1381','Gate valve',FALSE,NULL,NULL,NULL,NULL,NULL,NULL,NULL,NULL,NULL,NULL,NULL,'2014-05-02 00:00:00','wittmer',0),(7,'REA_BTS33:DCH_D1385','Corrector, horizontal, RT',FALSE,NULL,NULL,NULL,NULL,NULL,NULL,NULL,NULL,NULL,NULL,NULL,'2014-05-02 00:00:00','wittmer',0),(8,'REA_BTS33:DCV_D1385','Corrector, vertical, RT',FALSE,NULL,NULL,NULL,NULL,NULL,NULL,NULL,NULL,NULL,NULL,NULL,'2014-05-02 00:00:00','wittmer',0),(24,'REA_BTS34:Q_D1387','Quad, RT, vertical',FALSE,NULL,NULL,NULL,NULL,NULL,NULL,NULL,NULL,NULL,NULL,NULL,'2014-05-02 00:00:00','wittmer',0),(24,'REA_BTS33:Q_D1388','Quad, RT, vertical',FALSE,NULL,NULL,NULL,NULL,NULL,NULL,NULL,NULL,NULL,NULL,NULL,'2014-05-02 00:00:00','wittmer',0),(24,'REA_BTS34:Q_D1390','Quad, RT, horizontal',FALSE,NULL,NULL,NULL,NULL,NULL,NULL,NULL,NULL,NULL,NULL,NULL,'2014-05-02 00:00:00','wittmer',0),(7,'REA_BTS31:DCH_D1393','Corrector, horizontal, RT',FALSE,NULL,NULL,NULL,NULL,NULL,NULL,NULL,NULL,NULL,NULL,NULL,'2014-05-02 00:00:00','wittmer',0),(8,'REA_BTS31:DCV_D1393','Corrector, vertical, RT',FALSE,NULL,NULL,NULL,NULL,NULL,NULL,NULL,NULL,NULL,NULL,NULL,'2014-05-02 00:00:00','wittmer',0),(24,'REA_BTS33:Q_D1395','Quad, RT, horizontal',FALSE,NULL,NULL,NULL,NULL,NULL,NULL,NULL,NULL,NULL,NULL,NULL,'2014-05-02 00:00:00','wittmer',0),(24,'REA_BTS31:Q_D1397','Quad, RT, vertical',FALSE,NULL,NULL,NULL,NULL,NULL,NULL,NULL,NULL,NULL,NULL,NULL,'2014-05-02 00:00:00','wittmer',0),(7,'REA_BTS33:DCH_D1404','Corrector, horizontal, RT',FALSE,NULL,NULL,NULL,NULL,NULL,NULL,NULL,NULL,NULL,NULL,NULL,'2014-05-02 00:00:00','wittmer',0),(8,'REA_BTS33:DCV_D1404','Corrector, vertical, RT',FALSE,NULL,NULL,NULL,NULL,NULL,NULL,NULL,NULL,NULL,NULL,NULL,'2014-05-02 00:00:00','wittmer',0),(1,'REA_BTS33:AP_D1408','Aperture',FALSE,NULL,NULL,NULL,NULL,NULL,NULL,NULL,NULL,NULL,NULL,NULL,'2014-05-02 00:00:00','wittmer',0),(24,'REA_BTS31:Q_D1409','Quad, RT, horizontal',FALSE,NULL,NULL,NULL,NULL,NULL,NULL,NULL,NULL,NULL,NULL,NULL,'2014-05-02 00:00:00','wittmer',0),(24,'REA_BTS33:Q_D1411','Quad, RT, horizontal',FALSE,NULL,NULL,NULL,NULL,NULL,NULL,NULL,NULL,NULL,NULL,NULL,'2014-05-02 00:00:00','wittmer',0),(7,'REA_BTS34:DCH_D1413','Corrector, horizontal, RT',FALSE,NULL,NULL,NULL,NULL,NULL,NULL,NULL,NULL,NULL,NULL,NULL,'2014-05-02 00:00:00','wittmer',0),(8,'REA_BTS34:DCV_D1413','Corrector, vertical, RT',FALSE,NULL,NULL,NULL,NULL,NULL,NULL,NULL,NULL,NULL,NULL,NULL,'2014-05-02 00:00:00','wittmer',0),(24,'REA_BTS33:Q_D1415','Quad, RT, vertical',FALSE,NULL,NULL,NULL,NULL,NULL,NULL,NULL,NULL,NULL,NULL,NULL,'2014-05-02 00:00:00','wittmer',0),(24,'REA_BTS34:Q_D1415','Quad, RT, vertical',FALSE,NULL,NULL,NULL,NULL,NULL,NULL,NULL,NULL,NULL,NULL,NULL,'2014-05-02 00:00:00','wittmer',0),(14,'REA_BTS33:FC_D1420','Faraday Cup',FALSE,NULL,NULL,NULL,NULL,NULL,NULL,NULL,NULL,NULL,NULL,NULL,'2014-05-02 00:00:00','wittmer',0),(1,'REA_BTS33:AP_D1420','Aperture',FALSE,NULL,NULL,NULL,NULL,NULL,NULL,NULL,NULL,NULL,NULL,NULL,'2014-05-02 00:00:00','wittmer',0),(40,'REA_BTS33:VD_D1420','Viewer Plate',FALSE,NULL,NULL,NULL,NULL,NULL,NULL,NULL,NULL,NULL,NULL,NULL,'2014-05-02 00:00:00','wittmer',0),(4,'REA_BTS33:CAM_D1420','Camera',FALSE,NULL,NULL,NULL,NULL,NULL,NULL,NULL,NULL,NULL,NULL,NULL,'2014-05-02 00:00:00','wittmer',0),(16,'REA_BTS33:FSD_D1420','Decay Counter',FALSE,NULL,NULL,NULL,NULL,NULL,NULL,NULL,NULL,NULL,NULL,NULL,'2014-05-02 00:00:00','wittmer',0),(3,'REA_BTS33:BGV_D1422','Gate valve',FALSE,NULL,NULL,NULL,NULL,NULL,NULL,NULL,NULL,NULL,NULL,NULL,'2014-05-02 00:00:00','wittmer',0),(7,'REA_BTS31:DCH_D1423','Corrector, horizontal, RT',FALSE,NULL,NULL,NULL,NULL,NULL,NULL,NULL,NULL,NULL,NULL,NULL,'2014-05-02 00:00:00','wittmer',0),(8,'REA_BTS31:DCV_D1423','Corrector, vertical, RT',FALSE,NULL,NULL,NULL,NULL,NULL,NULL,NULL,NULL,NULL,NULL,NULL,'2014-05-02 00:00:00','wittmer',0),(1,'REA_BTS31:AP_D1427','Aperture',FALSE,NULL,NULL,NULL,NULL,NULL,NULL,NULL,NULL,NULL,NULL,NULL,'2014-05-02 00:00:00','wittmer',0),(24,'REA_BTS34:Q_D1427','Quad, RT, vertical',FALSE,NULL,NULL,NULL,NULL,NULL,NULL,NULL,NULL,NULL,NULL,NULL,'2014-05-02 00:00:00','wittmer',0),(24,'REA_BTS31:Q_D1431','Quad, RT, horizontal',FALSE,NULL,NULL,NULL,NULL,NULL,NULL,NULL,NULL,NULL,NULL,NULL,'2014-05-02 00:00:00','wittmer',0),(7,'REA_BTS34:DCH_D1431','Corrector, horizontal, RT',FALSE,NULL,NULL,NULL,NULL,NULL,NULL,NULL,NULL,NULL,NULL,NULL,'2014-05-02 00:00:00','wittmer',0),(8,'REA_BTS34:DCV_D1431','Corrector, vertical, RT',FALSE,NULL,NULL,NULL,NULL,NULL,NULL,NULL,NULL,NULL,NULL,NULL,'2014-05-02 00:00:00','wittmer',0),(24,'REA_BTS31:Q_D1435','Quad, RT, vertical',FALSE,NULL,NULL,NULL,NULL,NULL,NULL,NULL,NULL,NULL,NULL,NULL,'2014-05-02 00:00:00','wittmer',0),(1,'REA_BTS34:AP_D1435','Aperture',FALSE,NULL,NULL,NULL,NULL,NULL,NULL,NULL,NULL,NULL,NULL,NULL,'2014-05-02 00:00:00','wittmer',0),(39,'DANS:TL_D1439','ANASEN/CFFD',FALSE,NULL,NULL,NULL,NULL,NULL,NULL,NULL,NULL,NULL,NULL,NULL,'2014-05-02 00:00:00','wittmer',0),(14,'REA_BTS31:FC_D1439','Faraday Cup',FALSE,NULL,NULL,NULL,NULL,NULL,NULL,NULL,NULL,NULL,NULL,NULL,'2014-05-02 00:00:00','wittmer',0),(1,'REA_BTS31:AP_D1439','Aperture',FALSE,NULL,NULL,NULL,NULL,NULL,NULL,NULL,NULL,NULL,NULL,NULL,'2014-05-02 00:00:00','wittmer',0),(40,'REA_BTS31:VD_D1439','Viewer Plate',FALSE,NULL,NULL,NULL,NULL,NULL,NULL,NULL,NULL,NULL,NULL,NULL,'2014-05-02 00:00:00','wittmer',0),(4,'REA_BTS31:CAM_D1439','Camera',FALSE,NULL,NULL,NULL,NULL,NULL,NULL,NULL,NULL,NULL,NULL,NULL,'2014-05-02 00:00:00','wittmer',0),(16,'REA_BTS31:FSD_D1439','Decay Counter',FALSE,NULL,NULL,NULL,NULL,NULL,NULL,NULL,NULL,NULL,NULL,NULL,'2014-05-02 00:00:00','wittmer',0),(24,'REA_BTS34:Q_D1439','Quad, RT, horizontal',FALSE,NULL,NULL,NULL,NULL,NULL,NULL,NULL,NULL,NULL,NULL,NULL,'2014-05-02 00:00:00','wittmer',0),(3,'REA_BTS31:BGV_D1441','Gate valve',FALSE,NULL,NULL,NULL,NULL,NULL,NULL,NULL,NULL,NULL,NULL,NULL,'2014-05-02 00:00:00','wittmer',0),(24,'REA_BTS34:Q_D1443','Quad, RT, vertical',FALSE,NULL,NULL,NULL,NULL,NULL,NULL,NULL,NULL,NULL,NULL,NULL,'2014-05-02 00:00:00','wittmer',0),(14,'REA_BTS34:FC_D1448','Faraday Cup',FALSE,NULL,NULL,NULL,NULL,NULL,NULL,NULL,NULL,NULL,NULL,NULL,'2014-05-02 00:00:00','wittmer',0),(1,'REA_BTS34:AP_D1448','Aperture',FALSE,NULL,NULL,NULL,NULL,NULL,NULL,NULL,NULL,NULL,NULL,NULL,'2014-05-02 00:00:00','wittmer',0),(40,'REA_BTS34:VD_D1448','Viewer Plate',FALSE,NULL,NULL,NULL,NULL,NULL,NULL,NULL,NULL,NULL,NULL,NULL,'2014-05-02 00:00:00','wittmer',0),(4,'REA_BTS34:CAM_D1448','Camera',FALSE,NULL,NULL,NULL,NULL,NULL,NULL,NULL,NULL,NULL,NULL,NULL,'2014-05-02 00:00:00','wittmer',0),(16,'REA_BTS34:FSD_D1448','Decay Counter',FALSE,NULL,NULL,NULL,NULL,NULL,NULL,NULL,NULL,NULL,NULL,NULL,'2014-05-02 00:00:00','wittmer',0),(3,'REA_BTS34:BGV_D1450','Gate valve',FALSE,NULL,NULL,NULL,NULL,NULL,NULL,NULL,NULL,NULL,NULL,NULL,'2014-05-02 00:00:00','wittmer',0),(14,'REA_BTS34:FC_D1458','Faraday Cup',FALSE,NULL,NULL,NULL,NULL,NULL,NULL,NULL,NULL,NULL,NULL,NULL,'2014-05-02 00:00:00','wittmer',0),(39,'DATP:TL_D1460','AT-TPC',FALSE,NULL,NULL,NULL,NULL,NULL,NULL,NULL,NULL,NULL,NULL,NULL,'2014-05-02 00:00:00','wittmer',0),(14,'REA_BTS34:FC_D1460','Faraday Cup',FALSE,NULL,NULL,NULL,NULL,NULL,NULL,NULL,NULL,NULL,NULL,NULL,'2014-05-02 00:00:00','wittmer',0),(40,'REA_BTS34:VD_D1464','Viewer Plate',FALSE,NULL,NULL,NULL,NULL,NULL,NULL,NULL,NULL,NULL,NULL,NULL,'2014-05-02 00:00:00','wittmer',0),(4,'REA_BTS34:CAM_D1464','Camera',FALSE,NULL,NULL,NULL,NULL,NULL,NULL,NULL,NULL,NULL,NULL,NULL,'2014-05-02 00:00:00','wittmer',0),(39,'DJNS:TL_D1465','SECAR/JENSA',FALSE,NULL,NULL,NULL,NULL,NULL,NULL,NULL,NULL,NULL,NULL,NULL,'2014-05-02 00:00:00','wittmer',0),(14,'REA_BTS34:FC_D1477','Faraday Cup',FALSE,NULL,NULL,NULL,NULL,NULL,NULL,NULL,NULL,NULL,NULL,NULL,'2014-05-02 00:00:00','wittmer',0),(16,'REA_BTS34:FSD_D1477','Decay Counter',FALSE,NULL,NULL,NULL,NULL,NULL,NULL,NULL,NULL,NULL,NULL,NULL,'2014-05-02 00:00:00','wittmer',0),(46,'FRIB','Facility for Rare Isotope Beam',FALSE,NULL,NULL,NULL,NULL,NULL,NULL,NULL,NULL,NULL,NULL,NULL,'2014-05-29 07:07:20','user',0),(45,'FacilityRoot','Facility Root Node',FALSE,NULL,NULL,NULL,NULL,NULL,NULL,NULL,NULL,NULL,NULL,NULL,'2014-05-29 07:07:45','user',0),(46,'ReAccelerator','ReA',FALSE,NULL,NULL,NULL,NULL,NULL,NULL,NULL,NULL,NULL,NULL,NULL,'2014-05-29 07:08:09','user',0);
INSERT INTO slot_relation (name, iname, description, modified_at, modified_by, version) VALUES ('contains','contained-in','Container Relationship','2014-05-15 00:00:00','system',0),('powers','powered-by','Power Relationship','2014-05-15 00:00:00','system',0),('controls','controlled-by','Control Relationship','2014-05-15 00:00:00','system',0);
INSERT INTO slot_pair (slot_relation, parent_slot, child_slot, version) VALUES (1,1089,1088,0),(1,1088,1090,0),(1,1090,816,0),(1,1090,817,0),(1,1090,818,0),(1,1090,819,0),(1,1090,820,0),(1,1090,821,0),(1,1090,822,0),(1,1090,823,0),(1,1090,824,0),(1,1090,825,0),(1,1090,826,0),(1,1090,827,0),(1,1090,828,0),(1,1090,829,0),(1,1090,830,0),(1,1090,831,0),(1,1090,832,0),(1,1090,833,0),(1,1090,834,0),(1,1090,835,0),(1,1090,836,0),(1,1090,837,0),(1,1090,838,0),(1,1090,839,0),(1,1090,840,0),(1,1090,841,0),(1,1090,842,0),(1,1090,843,0),(1,1090,844,0),(1,1090,845,0),(1,1090,846,0),(1,1090,847,0),(1,1090,848,0),(1,1090,849,0),(1,1090,850,0),(1,1090,851,0),(1,1090,852,0),(1,1090,853,0),(1,1090,854,0),(1,1090,855,0),(1,1090,856,0),(1,1090,857,0),(1,1090,858,0),(1,1090,859,0),(1,1090,860,0),(1,1090,861,0),(1,1090,862,0),(1,1090,863,0),(1,1090,864,0),(1,1090,865,0),(1,1090,866,0),(1,1090,867,0),(1,1090,868,0),(1,1090,869,0),(1,1090,870,0),(1,1090,871,0),(1,1090,872,0),(1,1090,873,0),(1,1090,874,0),(1,1090,875,0),(1,1090,876,0),(1,1090,877,0),(1,1090,878,0),(1,1090,879,0),(1,1090,880,0),(1,1090,881,0),(1,1090,882,0),(1,1090,883,0),(1,1090,884,0),(1,1090,885,0),(1,1090,886,0),(1,1090,887,0),(1,1090,888,0),(1,1090,889,0),(1,1090,890,0),(1,1090,891,0),(1,1090,892,0),(1,1090,893,0),(1,1090,894,0),(1,1090,895,0),(1,1090,896,0),(1,1090,897,0),(1,1090,898,0),(1,1090,899,0),(1,1090,900,0),(1,1090,901,0),(1,1090,902,0),(1,1090,903,0),(1,1090,904,0),(1,1090,905,0),(1,1090,906,0),(1,1090,907,0),(1,1090,908,0),(1,1090,909,0),(1,1090,910,0),(1,1090,911,0),(1,1090,912,0),(1,1090,913,0),(1,1090,914,0),(1,1090,915,0),(1,1090,916,0),(1,1090,917,0),(1,1090,918,0),(1,1090,919,0),(1,1090,920,0),(1,1090,921,0),(1,1090,922,0),(1,1090,923,0),(1,1090,924,0),(1,1090,925,0),(1,1090,926,0),(1,1090,927,0),(1,1090,928,0),(1,1090,929,0),(1,1090,930,0),(1,1090,931,0),(1,1090,932,0),(1,1090,933,0),(1,1090,934,0),(1,1090,935,0),(1,1090,936,0),(1,1090,937,0),(1,1090,938,0),(1,1090,939,0),(1,1090,940,0),(1,1090,941,0),(1,1090,942,0),(1,1090,943,0),(1,1090,944,0),(1,1090,945,0),(1,1090,946,0),(1,1090,947,0),(1,1090,948,0),(1,1090,949,0),(1,1090,950,0),(1,1090,951,0),(1,1090,952,0),(1,1090,953,0),(1,1090,954,0),(1,1090,955,0),(1,1090,956,0),(1,1090,957,0),(1,1090,958,0),(1,1090,959,0),(1,1090,960,0),(1,1090,961,0),(1,1090,962,0),(1,1090,963,0),(1,1090,964,0),(1,1090,965,0),(1,1090,966,0),(1,1090,967,0),(1,1090,968,0),(1,1090,969,0),(1,1090,970,0),(1,1090,971,0),(1,1090,972,0),(1,1090,973,0),(1,1090,974,0),(1,1090,975,0),(1,1090,976,0),(1,1090,977,0),(1,1090,978,0),(1,1090,979,0),(1,1090,980,0),(1,1090,981,0),(1,1090,982,0),(1,1090,983,0),(1,1090,984,0),(1,1090,985,0),(1,1090,986,0),(1,1090,987,0),(1,1090,988,0),(1,1090,989,0),(1,1090,990,0),(1,1090,991,0),(1,1090,992,0),(1,1090,993,0),(1,1090,994,0),(1,1090,995,0),(1,1090,996,0),(1,1090,997,0),(1,1090,998,0),(1,1090,999,0),(1,1090,1000,0),(1,1090,1001,0),(1,1090,1002,0),(1,1090,1003,0),(1,1090,1004,0),(1,1090,1005,0),(1,1090,1006,0),(1,1090,1007,0),(1,1090,1008,0),(1,1090,1009,0),(1,1090,1010,0),(1,1090,1011,0),(1,1090,1012,0),(1,1090,1013,0),(1,1090,1014,0),(1,1090,1015,0),(1,1090,1016,0),(1,1090,1017,0),(1,1090,1018,0),(1,1090,1019,0),(1,1090,1020,0),(1,1090,1021,0),(1,1090,1022,0),(1,1090,1023,0),(1,1090,1024,0),(1,1090,1025,0),(1,1090,1026,0),(1,1090,1027,0),(1,1090,1028,0),(1,1090,1029,0),(1,1090,1030,0),(1,1090,1031,0),(1,1090,1032,0),(1,1090,1033,0),(1,1090,1034,0),(1,1090,1035,0),(1,1090,1036,0),(1,1090,1037,0),(1,1090,1038,0),(1,1090,1039,0),(1,1090,1040,0),(1,1090,1041,0),(1,1090,1042,0),(1,1090,1043,0),(1,1090,1044,0),(1,1090,1045,0),(1,1090,1046,0),(1,1090,1047,0),(1,1090,1048,0),(1,1090,1049,0),(1,1090,1050,0),(1,1090,1051,0),(1,1090,1052,0),(1,1090,1053,0),(1,1090,1054,0),(1,1090,1055,0),(1,1090,1056,0),(1,1090,1057,0),(1,1090,1058,0),(1,1090,1059,0),(1,1090,1060,0),(1,1090,1061,0),(1,1090,1062,0),(1,1090,1063,0),(1,1090,1064,0),(1,1090,1065,0),(1,1090,1066,0),(1,1090,1067,0),(1,1090,1068,0),(1,1090,1069,0),(1,1090,1070,0),(1,1090,1071,0),(1,1090,1072,0),(1,1090,1073,0),(1,1090,1074,0),(1,1090,1075,0),(1,1090,1076,0),(1,1090,1077,0),(1,1090,1078,0),(1,1090,1079,0),(1,1090,1080,0),(1,1090,1081,0),(1,1090,1082,0),(1,1090,1083,0),(1,1090,1084,0),(1,1090,1085,0),(1,1090,1086,0),(1,1090,1087,0);
INSERT INTO slot_property (slot, property, prop_value, unit, in_repository, modified_at, modified_by, version) VALUES (816,2,'86.242125',NULL,FALSE,'2014-05-02','wittmer',0),(816,4,'0862',NULL,FALSE,'2014-05-02','wittmer',0),(816,9,'0.035000',NULL,FALSE,'2014-05-02','wittmer',0),(816,10,'0.134925',NULL,FALSE,'2014-05-02','wittmer',0),(816,14,'L014GV',NULL,FALSE,'2014-05-02','wittmer',0),(817,2,'86.338696',NULL,FALSE,'2014-05-02','wittmer',0),(817,4,'0863',NULL,FALSE,'2014-05-02','wittmer',0),(817,10,'-0.038354',NULL,FALSE,'2014-05-02','wittmer',0),(817,14,'L016A',NULL,FALSE,'2014-05-02','wittmer',0),(818,2,'86.394881',NULL,FALSE,'2014-05-02','wittmer',0),(818,4,'0864',NULL,FALSE,'2014-05-02','wittmer',0),(818,10,'0.017831',NULL,FALSE,'2014-05-02','wittmer',0),(818,14,'L016FC',NULL,FALSE,'2014-05-02','wittmer',0),(819,2,'86.377050',NULL,FALSE,'2014-05-02','wittmer',0),(819,4,'0864',NULL,FALSE,'2014-05-02','wittmer',0),(819,10,'0.000000',NULL,FALSE,'2014-05-02','wittmer',0),(819,14,'L016VC',NULL,FALSE,'2014-05-02','wittmer',0),(820,2,'86.377050',NULL,FALSE,'2014-05-02','wittmer',0),(820,4,'0864',NULL,FALSE,'2014-05-02','wittmer',0),(820,10,'0.000000',NULL,FALSE,'2014-05-02','wittmer',0),(820,14,'L016VP',NULL,FALSE,'2014-05-02','wittmer',0),(821,2,'86.463079',NULL,FALSE,'2014-05-02','wittmer',0),(821,4,'0865',NULL,FALSE,'2014-05-02','wittmer',0),(821,9,'0.060000',NULL,FALSE,'2014-05-02','wittmer',0),(821,10,'0.086030',NULL,FALSE,'2014-05-02','wittmer',0),(821,14,'L016DH',NULL,FALSE,'2014-05-02','wittmer',0),(822,2,'86.463079',NULL,FALSE,'2014-05-02','wittmer',0),(822,4,'0865',NULL,FALSE,'2014-05-02','wittmer',0),(822,9,'0.060000',NULL,FALSE,'2014-05-02','wittmer',0),(822,14,'L016DV',NULL,FALSE,'2014-05-02','wittmer',0),(823,2,'86.711047',NULL,FALSE,'2014-05-02','wittmer',0),(823,4,'0867',NULL,FALSE,'2014-05-02','wittmer',0),(823,9,'0.150000',NULL,FALSE,'2014-05-02','wittmer',0),(823,10,'0.247968',NULL,FALSE,'2014-05-02','wittmer',0),(823,14,'L018TA',NULL,FALSE,'2014-05-02','wittmer',0),(824,2,'86.886053',NULL,FALSE,'2014-05-02','wittmer',0),(824,4,'0869',NULL,FALSE,'2014-05-02','wittmer',0),(824,9,'0.150000',NULL,FALSE,'2014-05-02','wittmer',0),(824,10,'0.175006',NULL,FALSE,'2014-05-02','wittmer',0),(824,14,'L018TB',NULL,FALSE,'2014-05-02','wittmer',0),(825,2,'87.061059',NULL,FALSE,'2014-05-02','wittmer',0),(825,4,'0871',NULL,FALSE,'2014-05-02','wittmer',0),(825,9,'0.150000',NULL,FALSE,'2014-05-02','wittmer',0),(825,10,'0.175006',NULL,FALSE,'2014-05-02','wittmer',0),(825,14,'L018TC',NULL,FALSE,'2014-05-02','wittmer',0),(826,2,'87.298090',NULL,FALSE,'2014-05-02','wittmer',0),(826,4,'0873',NULL,FALSE,'2014-05-02','wittmer',0),(826,9,'0.138000',NULL,FALSE,'2014-05-02','wittmer',0),(826,10,'0.237031',NULL,FALSE,'2014-05-02','wittmer',0),(826,14,'L019DE',NULL,FALSE,'2014-05-02','wittmer',0),(827,2,'88.397721',NULL,FALSE,'2014-05-02','wittmer',0),(827,4,'0884',NULL,FALSE,'2014-05-02','wittmer',0),(827,9,'0.150000',NULL,FALSE,'2014-05-02','wittmer',0),(827,10,'1.099631',NULL,FALSE,'2014-05-02','wittmer',0),(827,14,'L024TA',NULL,FALSE,'2014-05-02','wittmer',0),(828,2,'88.572727',NULL,FALSE,'2014-05-02','wittmer',0),(828,4,'0886',NULL,FALSE,'2014-05-02','wittmer',0),(828,9,'0.150000',NULL,FALSE,'2014-05-02','wittmer',0),(828,10,'0.175006',NULL,FALSE,'2014-05-02','wittmer',0),(828,14,'L024TB',NULL,FALSE,'2014-05-02','wittmer',0),(829,2,'88.747733',NULL,FALSE,'2014-05-02','wittmer',0),(829,4,'0888',NULL,FALSE,'2014-05-02','wittmer',0),(829,9,'0.150000',NULL,FALSE,'2014-05-02','wittmer',0),(829,10,'0.175006',NULL,FALSE,'2014-05-02','wittmer',0),(829,14,'L024TC',NULL,FALSE,'2014-05-02','wittmer',0),(830,2,'89.209365',NULL,FALSE,'2014-05-02','wittmer',0),(830,4,'0892',NULL,FALSE,'2014-05-02','wittmer',0),(830,10,'-0.024575',NULL,FALSE,'2014-05-02','wittmer',0),(830,14,'L026MCP',NULL,FALSE,'2014-05-02','wittmer',0),(831,2,'89.233940',NULL,FALSE,'2014-05-02','wittmer',0),(831,4,'0892',NULL,FALSE,'2014-05-02','wittmer',0),(831,10,'0.000000',NULL,FALSE,'2014-05-02','wittmer',0),(831,14,'L026VC',NULL,FALSE,'2014-05-02','wittmer',0),(832,2,'89.233940',NULL,FALSE,'2014-05-02','wittmer',0),(832,4,'0892',NULL,FALSE,'2014-05-02','wittmer',0),(832,10,'0.486207',NULL,FALSE,'2014-05-02','wittmer',0),(832,14,'L026VP',NULL,FALSE,'2014-05-02','wittmer',0),(833,2,'89.251771',NULL,FALSE,'2014-05-02','wittmer',0),(833,4,'0893',NULL,FALSE,'2014-05-02','wittmer',0),(833,10,'0.017831',NULL,FALSE,'2014-05-02','wittmer',0),(833,14,'L026FC',NULL,FALSE,'2014-05-02','wittmer',0),(834,2,'89.319970',NULL,FALSE,'2014-05-02','wittmer',0),(834,4,'0893',NULL,FALSE,'2014-05-02','wittmer',0),(834,9,'0.060000',NULL,FALSE,'2014-05-02','wittmer',0),(834,10,'0.086030',NULL,FALSE,'2014-05-02','wittmer',0),(834,14,'L026DH',NULL,FALSE,'2014-05-02','wittmer',0),(835,2,'89.319970',NULL,FALSE,'2014-05-02','wittmer',0),(835,4,'0893',NULL,FALSE,'2014-05-02','wittmer',0),(835,9,'0.060000',NULL,FALSE,'2014-05-02','wittmer',0),(835,14,'L026DV',NULL,FALSE,'2014-05-02','wittmer',0),(836,2,'89.359970',NULL,FALSE,'2014-05-02','wittmer',0),(836,4,'0894',NULL,FALSE,'2014-05-02','wittmer',0),(836,9,'0.035000',NULL,FALSE,'2014-05-02','wittmer',0),(836,14,'L027GV',NULL,FALSE,'2014-05-02','wittmer',0),(837,2,'89.992495',NULL,FALSE,'2014-05-02','wittmer',0),(837,4,'0900',NULL,FALSE,'2014-05-02','wittmer',0),(837,9,'0.534856',NULL,FALSE,'2014-05-02','wittmer',0),(837,10,'0.672525',NULL,FALSE,'2014-05-02','wittmer',0),(837,14,'L028DE',NULL,FALSE,'2014-05-02','wittmer',0),(838,2,'90.500162',NULL,FALSE,'2014-05-02','wittmer',0),(838,4,'0905',NULL,FALSE,'2014-05-02','wittmer',0),(838,9,'0.150000',NULL,FALSE,'2014-05-02','wittmer',0),(838,10,'0.507667',NULL,FALSE,'2014-05-02','wittmer',0),(838,14,'L030QS',NULL,FALSE,'2014-05-02','wittmer',0),(839,2,'90.500162',NULL,FALSE,'2014-05-02','wittmer',0),(839,4,'0905',NULL,FALSE,'2014-05-02','wittmer',0),(839,9,'0.150000',NULL,FALSE,'2014-05-02','wittmer',0),(839,14,'L030DV',NULL,FALSE,'2014-05-02','wittmer',0),(840,2,'91.009351',NULL,FALSE,'2014-05-02','wittmer',0),(840,4,'0910',NULL,FALSE,'2014-05-02','wittmer',0),(840,9,'0.534856',NULL,FALSE,'2014-05-02','wittmer',0),(840,10,'0.509189',NULL,FALSE,'2014-05-02','wittmer',0),(840,14,'L032DE',NULL,FALSE,'2014-05-02','wittmer',0),(841,2,'91.812274',NULL,FALSE,'2014-05-02','wittmer',0),(841,4,'0918',NULL,FALSE,'2014-05-02','wittmer',0),(841,10,'0.017831',NULL,FALSE,'2014-05-02','wittmer',0),(841,14,'L034FC',NULL,FALSE,'2014-05-02','wittmer',0),(842,2,'91.794443',NULL,FALSE,'2014-05-02','wittmer',0),(842,4,'0918',NULL,FALSE,'2014-05-02','wittmer',0),(842,10,'0.000000',NULL,FALSE,'2014-05-02','wittmer',0),(842,14,'L034VC',NULL,FALSE,'2014-05-02','wittmer',0),(843,2,'91.794443',NULL,FALSE,'2014-05-02','wittmer',0),(843,4,'0918',NULL,FALSE,'2014-05-02','wittmer',0),(843,10,'0.785092',NULL,FALSE,'2014-05-02','wittmer',0),(843,14,'L034VP',NULL,FALSE,'2014-05-02','wittmer',0),(844,2,'91.755614',NULL,FALSE,'2014-05-02','wittmer',0),(844,4,'0918',NULL,FALSE,'2014-05-02','wittmer',0),(844,10,'-0.038829',NULL,FALSE,'2014-05-02','wittmer',0),(844,14,'L034XC-R',NULL,FALSE,'2014-05-02','wittmer',0),(845,2,'91.880473',NULL,FALSE,'2014-05-02','wittmer',0),(845,4,'0919',NULL,FALSE,'2014-05-02','wittmer',0),(845,9,'0.060000',NULL,FALSE,'2014-05-02','wittmer',0),(845,10,'0.086030',NULL,FALSE,'2014-05-02','wittmer',0),(845,14,'L034DH',NULL,FALSE,'2014-05-02','wittmer',0),(846,2,'91.880473',NULL,FALSE,'2014-05-02','wittmer',0),(846,4,'0919',NULL,FALSE,'2014-05-02','wittmer',0),(846,9,'0.060000',NULL,FALSE,'2014-05-02','wittmer',0),(846,14,'L034DV',NULL,FALSE,'2014-05-02','wittmer',0),(847,2,'92.072622',NULL,FALSE,'2014-05-02','wittmer',0),(847,4,'0921',NULL,FALSE,'2014-05-02','wittmer',0),(847,9,'0.150000',NULL,FALSE,'2014-05-02','wittmer',0),(847,10,'0.192149',NULL,FALSE,'2014-05-02','wittmer',0),(847,14,'L035QA',NULL,FALSE,'2014-05-02','wittmer',0),(848,2,'92.252964',NULL,FALSE,'2014-05-02','wittmer',0),(848,4,'0923',NULL,FALSE,'2014-05-02','wittmer',0),(848,9,'0.150000',NULL,FALSE,'2014-05-02','wittmer',0),(848,10,'0.180342',NULL,FALSE,'2014-05-02','wittmer',0),(848,14,'L035QB',NULL,FALSE,'2014-05-02','wittmer',0),(849,2,'93.228680',NULL,FALSE,'2014-05-02','wittmer',0),(849,4,'0932',NULL,FALSE,'2014-05-02','wittmer',0),(849,9,'1.069419',NULL,FALSE,'2014-05-02','wittmer',0),(849,10,'0.975716',NULL,FALSE,'2014-05-02','wittmer',0),(849,14,'L039DS',NULL,FALSE,'2014-05-02','wittmer',0),(850,2,'94.230584',NULL,FALSE,'2014-05-02','wittmer',0),(850,4,'0942',NULL,FALSE,'2014-05-02','wittmer',0),(850,9,'0.150000',NULL,FALSE,'2014-05-02','wittmer',0),(850,10,'1.001904',NULL,FALSE,'2014-05-02','wittmer',0),(850,14,'L042QA',NULL,FALSE,'2014-05-02','wittmer',0),(851,2,'94.410926',NULL,FALSE,'2014-05-02','wittmer',0),(851,4,'0944',NULL,FALSE,'2014-05-02','wittmer',0),(851,9,'0.150000',NULL,FALSE,'2014-05-02','wittmer',0),(851,10,'0.180342',NULL,FALSE,'2014-05-02','wittmer',0),(851,14,'L042QB',NULL,FALSE,'2014-05-02','wittmer',0),(852,2,'94.694936',NULL,FALSE,'2014-05-02','wittmer',0),(852,4,'0947',NULL,FALSE,'2014-05-02','wittmer',0),(852,10,'-0.024535',NULL,FALSE,'2014-05-02','wittmer',0),(852,14,'L044MCP',NULL,FALSE,'2014-05-02','wittmer',0),(853,2,'94.719471',NULL,FALSE,'2014-05-02','wittmer',0),(853,4,'0947',NULL,FALSE,'2014-05-02','wittmer',0),(853,10,'0.000000',NULL,FALSE,'2014-05-02','wittmer',0),(853,14,'L044VC',NULL,FALSE,'2014-05-02','wittmer',0),(854,2,'94.719471',NULL,FALSE,'2014-05-02','wittmer',0),(854,4,'0947',NULL,FALSE,'2014-05-02','wittmer',0),(854,10,'0.308545',NULL,FALSE,'2014-05-02','wittmer',0),(854,14,'L044VP',NULL,FALSE,'2014-05-02','wittmer',0),(855,2,'94.737302',NULL,FALSE,'2014-05-02','wittmer',0),(855,4,'0947',NULL,FALSE,'2014-05-02','wittmer',0),(855,10,'0.017831',NULL,FALSE,'2014-05-02','wittmer',0),(855,14,'L044FC',NULL,FALSE,'2014-05-02','wittmer',0),(856,2,'94.680642',NULL,FALSE,'2014-05-02','wittmer',0),(856,4,'0947',NULL,FALSE,'2014-05-02','wittmer',0),(856,10,'-0.038829',NULL,FALSE,'2014-05-02','wittmer',0),(856,14,'L044XC-R',NULL,FALSE,'2014-05-02','wittmer',0),(857,2,'94.804891',NULL,FALSE,'2014-05-02','wittmer',0),(857,4,'0948',NULL,FALSE,'2014-05-02','wittmer',0),(857,9,'0.060000',NULL,FALSE,'2014-05-02','wittmer',0),(857,10,'0.085420',NULL,FALSE,'2014-05-02','wittmer',0),(857,14,'L044DH',NULL,FALSE,'2014-05-02','wittmer',0),(858,2,'94.804891',NULL,FALSE,'2014-05-02','wittmer',0),(858,4,'0948',NULL,FALSE,'2014-05-02','wittmer',0),(858,9,'0.060000',NULL,FALSE,'2014-05-02','wittmer',0),(858,14,'L044DV',NULL,FALSE,'2014-05-02','wittmer',0),(859,2,'94.893639',NULL,FALSE,'2014-05-02','wittmer',0),(859,4,'0949',NULL,FALSE,'2014-05-02','wittmer',0),(859,9,'0.035000',NULL,FALSE,'2014-05-02','wittmer',0),(859,10,'0.088748',NULL,FALSE,'2014-05-02','wittmer',0),(859,14,'L045GV',NULL,FALSE,'2014-05-02','wittmer',0),(860,2,'95.163996',NULL,FALSE,'2014-05-02','wittmer',0),(860,4,'0952',NULL,FALSE,'2014-05-02','wittmer',0),(860,9,'0.150000',NULL,FALSE,'2014-05-02','wittmer',0),(860,10,'0.270357',NULL,FALSE,'2014-05-02','wittmer',0),(860,14,'L045QA',NULL,FALSE,'2014-05-02','wittmer',0),(861,2,'95.344338',NULL,FALSE,'2014-05-02','wittmer',0),(861,4,'0954',NULL,FALSE,'2014-05-02','wittmer',0),(861,9,'0.150000',NULL,FALSE,'2014-05-02','wittmer',0),(861,10,'0.180342',NULL,FALSE,'2014-05-02','wittmer',0),(861,14,'L045QB',NULL,FALSE,'2014-05-02','wittmer',0),(862,2,'95.826047',NULL,FALSE,'2014-05-02','wittmer',0),(862,4,'0958',NULL,FALSE,'2014-05-02','wittmer',0),(862,9,'0.150000',NULL,FALSE,'2014-05-02','wittmer',0),(862,10,'0.481709',NULL,FALSE,'2014-05-02','wittmer',0),(862,14,'L048QA',NULL,FALSE,'2014-05-02','wittmer',0),(863,2,'96.006389',NULL,FALSE,'2014-05-02','wittmer',0),(863,4,'0960',NULL,FALSE,'2014-05-02','wittmer',0),(863,9,'0.150000',NULL,FALSE,'2014-05-02','wittmer',0),(863,10,'0.180342',NULL,FALSE,'2014-05-02','wittmer',0),(863,14,'L048QB',NULL,FALSE,'2014-05-02','wittmer',0),(864,2,'97.029025',NULL,FALSE,'2014-05-02','wittmer',0),(864,4,'0970',NULL,FALSE,'2014-05-02','wittmer',0),(864,9,'0.190000',NULL,FALSE,'2014-05-02','wittmer',0),(864,10,'1.022636',NULL,FALSE,'2014-05-02','wittmer',0),(864,14,'L051DE',NULL,FALSE,'2014-05-02','wittmer',0),(865,2,'97.439132',NULL,FALSE,'2014-05-02','wittmer',0),(865,4,'0974',NULL,FALSE,'2014-05-02','wittmer',0),(865,10,'-0.025146',NULL,FALSE,'2014-05-02','wittmer',0),(865,14,'L052A',NULL,FALSE,'2014-05-02','wittmer',0),(866,2,'97.482109',NULL,FALSE,'2014-05-02','wittmer',0),(866,4,'0975',NULL,FALSE,'2014-05-02','wittmer',0),(866,10,'0.017831',NULL,FALSE,'2014-05-02','wittmer',0),(866,14,'L052DC',NULL,FALSE,'2014-05-02','wittmer',0),(867,2,'97.645253',NULL,FALSE,'2014-05-02','wittmer',0),(867,4,'0976',NULL,FALSE,'2014-05-02','wittmer',0),(867,10,'0.180975',NULL,FALSE,'2014-05-02','wittmer',0),(867,14,'L053VP',NULL,FALSE,'2014-05-02','wittmer',0),(868,2,'97.645253',NULL,FALSE,'2014-05-02','wittmer',0),(868,4,'0976',NULL,FALSE,'2014-05-02','wittmer',0),(868,10,'0.000000',NULL,FALSE,'2014-05-02','wittmer',0),(868,14,'L053VC',NULL,FALSE,'2014-05-02','wittmer',0),(869,2,'97.622378',NULL,FALSE,'2014-05-02','wittmer',0),(869,4,'0976',NULL,FALSE,'2014-05-02','wittmer',0),(869,10,'-0.022875',NULL,FALSE,'2014-05-02','wittmer',0),(869,14,'L053MCP',NULL,FALSE,'2014-05-02','wittmer',0),(870,2,'97.677663',NULL,FALSE,'2014-05-02','wittmer',0),(870,4,'0977',NULL,FALSE,'2014-05-02','wittmer',0),(870,10,'0.032410',NULL,FALSE,'2014-05-02','wittmer',0),(870,14,'L053FC',NULL,FALSE,'2014-05-02','wittmer',0),(871,2,'97.869717',NULL,FALSE,'2014-05-02','wittmer',0),(871,4,'0979',NULL,FALSE,'2014-05-02','wittmer',0),(871,9,'0.150000',NULL,FALSE,'2014-05-02','wittmer',0),(871,10,'0.224464',NULL,FALSE,'2014-05-02','wittmer',0),(871,14,'L054QA',NULL,FALSE,'2014-05-02','wittmer',0),(872,2,'98.050059',NULL,FALSE,'2014-05-02','wittmer',0),(872,4,'0981',NULL,FALSE,'2014-05-02','wittmer',0),(872,9,'0.150000',NULL,FALSE,'2014-05-02','wittmer',0),(872,10,'0.180342',NULL,FALSE,'2014-05-02','wittmer',0),(872,14,'L054QB',NULL,FALSE,'2014-05-02','wittmer',0),(873,2,'98.531768',NULL,FALSE,'2014-05-02','wittmer',0),(873,4,'0985',NULL,FALSE,'2014-05-02','wittmer',0),(873,9,'0.150000',NULL,FALSE,'2014-05-02','wittmer',0),(873,10,'0.481709',NULL,FALSE,'2014-05-02','wittmer',0),(873,14,'L057QA',NULL,FALSE,'2014-05-02','wittmer',0),(874,2,'98.712110',NULL,FALSE,'2014-05-02','wittmer',0),(874,4,'0987',NULL,FALSE,'2014-05-02','wittmer',0),(874,9,'0.150000',NULL,FALSE,'2014-05-02','wittmer',0),(874,10,'0.180342',NULL,FALSE,'2014-05-02','wittmer',0),(874,14,'L057QB',NULL,FALSE,'2014-05-02','wittmer',0),(875,2,'98.972485',NULL,FALSE,'2014-05-02','wittmer',0),(875,4,'0990',NULL,FALSE,'2014-05-02','wittmer',0),(875,10,'0.260375',NULL,FALSE,'2014-05-02','wittmer',0),(875,14,'L058VP',NULL,FALSE,'2014-05-02','wittmer',0),(876,2,'98.972485',NULL,FALSE,'2014-05-02','wittmer',0),(876,4,'0990',NULL,FALSE,'2014-05-02','wittmer',0),(876,10,'0.000000',NULL,FALSE,'2014-05-02','wittmer',0),(876,14,'L058VC',NULL,FALSE,'2014-05-02','wittmer',0),(877,2,'99.348723',NULL,FALSE,'2014-05-02','wittmer',0),(877,4,'0993',NULL,FALSE,'2014-05-02','wittmer',0),(877,9,'0.200000',NULL,FALSE,'2014-05-02','wittmer',0),(877,10,'0.376238',NULL,FALSE,'2014-05-02','wittmer',0),(877,14,'L059 MHB',NULL,FALSE,'2014-05-02','wittmer',0),(878,2,'99.613918',NULL,FALSE,'2014-05-02','wittmer',0),(878,4,'0996',NULL,FALSE,'2014-05-02','wittmer',0),(878,9,'0.250000',NULL,FALSE,'2014-05-02','wittmer',0),(878,10,'0.265195',NULL,FALSE,'2014-05-02','wittmer',0),(878,14,'L060SN',NULL,FALSE,'2014-05-02','wittmer',0),(879,2,'99.819823',NULL,FALSE,'2014-05-02','wittmer',0),(879,4,'0998',NULL,FALSE,'2014-05-02','wittmer',0),(879,10,'-0.035338',NULL,FALSE,'2014-05-02','wittmer',0),(879,14,'L061-R',NULL,FALSE,'2014-05-02','wittmer',0),(880,2,'99.887571',NULL,FALSE,'2014-05-02','wittmer',0),(880,4,'0999',NULL,FALSE,'2014-05-02','wittmer',0),(880,10,'0.032410',NULL,FALSE,'2014-05-02','wittmer',0),(880,14,'L061FC',NULL,FALSE,'2014-05-02','wittmer',0),(881,2,'99.855161',NULL,FALSE,'2014-05-02','wittmer',0),(881,4,'0999',NULL,FALSE,'2014-05-02','wittmer',0),(881,10,'0.241243',NULL,FALSE,'2014-05-02','wittmer',0),(881,14,'L061VP',NULL,FALSE,'2014-05-02','wittmer',0),(882,2,'99.855161',NULL,FALSE,'2014-05-02','wittmer',0),(882,4,'0999',NULL,FALSE,'2014-05-02','wittmer',0),(882,10,'0.000000',NULL,FALSE,'2014-05-02','wittmer',0),(882,14,'L061VC',NULL,FALSE,'2014-05-02','wittmer',0),(883,2,'99.855161',NULL,FALSE,'2014-05-02','wittmer',0),(883,4,'0999',NULL,FALSE,'2014-05-02','wittmer',0),(883,10,'0.000000',NULL,FALSE,'2014-05-02','wittmer',0),(883,14,'L061DC',NULL,FALSE,'2014-05-02','wittmer',0),(884,2,'99.900000',NULL,FALSE,'2014-05-02','wittmer',0),(884,4,'0999',NULL,FALSE,'2014-05-02','wittmer',0),(884,9,'0.035000',NULL,FALSE,'2014-05-02','wittmer',0),(884,14,'L062GV',NULL,FALSE,'2014-05-02','wittmer',0),(885,2,'101.735000',NULL,FALSE,'2014-05-02','wittmer',0),(885,4,'1017',NULL,FALSE,'2014-05-02','wittmer',0),(885,9,'3.470000',NULL,FALSE,'2014-05-02','wittmer',0),(885,10,'1.879839',NULL,FALSE,'2014-05-02','wittmer',0),(885,14,'L062 RFQ',NULL,FALSE,'2014-05-02','wittmer',0),(886,2,'103.540002',NULL,FALSE,'2014-05-02','wittmer',0),(886,4,'1035',NULL,FALSE,'2014-05-02','wittmer',0),(886,9,'0.035000',NULL,FALSE,'2014-05-02','wittmer',0),(886,10,'1.805002',NULL,FALSE,'2014-05-02','wittmer',0),(886,14,'L071GV',NULL,FALSE,'2014-05-02','wittmer',0),(887,2,'103.747787',NULL,FALSE,'2014-05-02','wittmer',0),(887,4,'1037',NULL,FALSE,'2014-05-02','wittmer',0),(887,10,'0.027051',NULL,FALSE,'2014-05-02','wittmer',0),(887,14,'L072XC-R',NULL,FALSE,'2014-05-02','wittmer',0),(888,2,'103.695539',NULL,FALSE,'2014-05-02','wittmer',0),(888,4,'1037',NULL,FALSE,'2014-05-02','wittmer',0),(888,10,'-0.025197',NULL,FALSE,'2014-05-02','wittmer',0),(888,14,'L072A',NULL,FALSE,'2014-05-02','wittmer',0),(889,2,'103.755153',NULL,FALSE,'2014-05-02','wittmer',0),(889,4,'1038',NULL,FALSE,'2014-05-02','wittmer',0),(889,10,'0.034417',NULL,FALSE,'2014-05-02','wittmer',0),(889,14,'L072YC-R',NULL,FALSE,'2014-05-02','wittmer',0),(890,2,'103.866398',NULL,FALSE,'2014-05-02','wittmer',0),(890,4,'1039',NULL,FALSE,'2014-05-02','wittmer',0),(890,10,'-0.035338',NULL,FALSE,'2014-05-02','wittmer',0),(890,14,'L073-R',NULL,FALSE,'2014-05-02','wittmer',0),(891,2,'103.901736',NULL,FALSE,'2014-05-02','wittmer',0),(891,4,'1039',NULL,FALSE,'2014-05-02','wittmer',0),(891,10,'0.181000',NULL,FALSE,'2014-05-02','wittmer',0),(891,14,'L073DC',NULL,FALSE,'2014-05-02','wittmer',0),(892,2,'103.934146',NULL,FALSE,'2014-05-02','wittmer',0),(892,4,'1039',NULL,FALSE,'2014-05-02','wittmer',0),(892,10,'0.032410',NULL,FALSE,'2014-05-02','wittmer',0),(892,14,'L073FC',NULL,FALSE,'2014-05-02','wittmer',0),(893,2,'104.160596',NULL,FALSE,'2014-05-02','wittmer',0),(893,4,'1042',NULL,FALSE,'2014-05-02','wittmer',0),(893,9,'0.035000',NULL,FALSE,'2014-05-02','wittmer',0),(893,10,'0.258860',NULL,FALSE,'2014-05-02','wittmer',0),(893,14,'L073GV',NULL,FALSE,'2014-05-02','wittmer',0),(894,2,'104.509143',NULL,FALSE,'2014-05-02','wittmer',0),(894,4,'1045',NULL,FALSE,'2014-05-02','wittmer',0),(894,9,'0.200000',NULL,FALSE,'2014-05-02','wittmer',0),(894,14,'L076DH',NULL,FALSE,'2014-05-02','wittmer',0),(895,2,'104.509143',NULL,FALSE,'2014-05-02','wittmer',0),(895,4,'1045',NULL,FALSE,'2014-05-02','wittmer',0),(895,9,'0.200000',NULL,FALSE,'2014-05-02','wittmer',0),(895,14,'L076DV',NULL,FALSE,'2014-05-02','wittmer',0),(896,2,'104.509143',NULL,FALSE,'2014-05-02','wittmer',0),(896,4,'1045',NULL,FALSE,'2014-05-02','wittmer',0),(896,9,'0.200000',NULL,FALSE,'2014-05-02','wittmer',0),(896,10,'0.348547',NULL,FALSE,'2014-05-02','wittmer',0),(896,14,'L076SN',NULL,FALSE,'2014-05-02','wittmer',0),(897,2,'104.852143',NULL,FALSE,'2014-05-02','wittmer',0),(897,4,'1049',NULL,FALSE,'2014-05-02','wittmer',0),(897,9,'0.240000',NULL,FALSE,'2014-05-02','wittmer',0),(897,10,'0.343000',NULL,FALSE,'2014-05-02','wittmer',0),(897,14,'L077',NULL,FALSE,'2014-05-02','wittmer',0),(898,2,'105.195143',NULL,FALSE,'2014-05-02','wittmer',0),(898,4,'1052',NULL,FALSE,'2014-05-02','wittmer',0),(898,9,'0.200000',NULL,FALSE,'2014-05-02','wittmer',0),(898,14,'L078DH',NULL,FALSE,'2014-05-02','wittmer',0),(899,2,'105.195143',NULL,FALSE,'2014-05-02','wittmer',0),(899,4,'1052',NULL,FALSE,'2014-05-02','wittmer',0),(899,9,'0.200000',NULL,FALSE,'2014-05-02','wittmer',0),(899,14,'L078DV',NULL,FALSE,'2014-05-02','wittmer',0),(900,2,'105.195143',NULL,FALSE,'2014-05-02','wittmer',0),(900,4,'1052',NULL,FALSE,'2014-05-02','wittmer',0),(900,9,'0.200000',NULL,FALSE,'2014-05-02','wittmer',0),(900,10,'0.343000',NULL,FALSE,'2014-05-02','wittmer',0),(900,14,'L078SN',NULL,FALSE,'2014-05-02','wittmer',0),(901,2,'105.543778',NULL,FALSE,'2014-05-02','wittmer',0),(901,4,'1055',NULL,FALSE,'2014-05-02','wittmer',0),(901,9,'0.035000',NULL,FALSE,'2014-05-02','wittmer',0),(901,10,'0.348635',NULL,FALSE,'2014-05-02','wittmer',0),(901,14,'L079GV',NULL,FALSE,'2014-05-02','wittmer',0),(902,2,'105.833592',NULL,FALSE,'2014-05-02','wittmer',0),(902,4,'1058',NULL,FALSE,'2014-05-02','wittmer',0),(902,10,'-0.035338',NULL,FALSE,'2014-05-02','wittmer',0),(902,14,'L080-R',NULL,FALSE,'2014-05-02','wittmer',0),(903,2,'105.833984',NULL,FALSE,'2014-05-02','wittmer',0),(903,4,'1058',NULL,FALSE,'2014-05-02','wittmer',0),(903,10,'-0.034946',NULL,FALSE,'2014-05-02','wittmer',0),(903,14,'L080FS',NULL,FALSE,'2014-05-02','wittmer',0),(904,2,'105.851805',NULL,FALSE,'2014-05-02','wittmer',0),(904,4,'1059',NULL,FALSE,'2014-05-02','wittmer',0),(904,10,'-0.017125',NULL,FALSE,'2014-05-02','wittmer',0),(904,14,'L080A',NULL,FALSE,'2014-05-02','wittmer',0),(905,2,'105.868930',NULL,FALSE,'2014-05-02','wittmer',0),(905,4,'1059',NULL,FALSE,'2014-05-02','wittmer',0),(905,10,'0.325152',NULL,FALSE,'2014-05-02','wittmer',0),(905,14,'L080DC',NULL,FALSE,'2014-05-02','wittmer',0),(906,2,'105.901340',NULL,FALSE,'2014-05-02','wittmer',0),(906,4,'1059',NULL,FALSE,'2014-05-02','wittmer',0),(906,10,'0.032410',NULL,FALSE,'2014-05-02','wittmer',0),(906,14,'L080FC',NULL,FALSE,'2014-05-02','wittmer',0),(907,2,'106.230171',NULL,FALSE,'2014-05-02','wittmer',0),(907,4,'1062',NULL,FALSE,'2014-05-02','wittmer',0),(907,9,'0.035000',NULL,FALSE,'2014-05-02','wittmer',0),(907,10,'0.361241',NULL,FALSE,'2014-05-02','wittmer',0),(907,14,'L080GV',NULL,FALSE,'2014-05-02','wittmer',0),(908,2,'106.518698',NULL,FALSE,'2014-05-02','wittmer',0),(908,4,'1065',NULL,FALSE,'2014-05-02','wittmer',0),(908,9,'0.240000',NULL,FALSE,'2014-05-02','wittmer',0),(908,10,'0.288527',NULL,FALSE,'2014-05-02','wittmer',0),(908,14,'L082',NULL,FALSE,'2014-05-02','wittmer',0),(909,2,'106.861698',NULL,FALSE,'2014-05-02','wittmer',0),(909,4,'1069',NULL,FALSE,'2014-05-02','wittmer',0),(909,9,'0.200000',NULL,FALSE,'2014-05-02','wittmer',0),(909,14,'L083DH',NULL,FALSE,'2014-05-02','wittmer',0),(910,2,'106.861698',NULL,FALSE,'2014-05-02','wittmer',0),(910,4,'1069',NULL,FALSE,'2014-05-02','wittmer',0),(910,9,'0.200000',NULL,FALSE,'2014-05-02','wittmer',0),(910,14,'L083DV',NULL,FALSE,'2014-05-02','wittmer',0),(911,2,'106.861698',NULL,FALSE,'2014-05-02','wittmer',0),(911,4,'1069',NULL,FALSE,'2014-05-02','wittmer',0),(911,9,'0.200000',NULL,FALSE,'2014-05-02','wittmer',0),(911,10,'0.343000',NULL,FALSE,'2014-05-02','wittmer',0),(911,14,'L083SN',NULL,FALSE,'2014-05-02','wittmer',0),(912,2,'107.204698',NULL,FALSE,'2014-05-02','wittmer',0),(912,4,'1072',NULL,FALSE,'2014-05-02','wittmer',0),(912,9,'0.240000',NULL,FALSE,'2014-05-02','wittmer',0),(912,10,'0.343000',NULL,FALSE,'2014-05-02','wittmer',0),(912,14,'L084',NULL,FALSE,'2014-05-02','wittmer',0),(913,2,'107.479698',NULL,FALSE,'2014-05-02','wittmer',0),(913,4,'1075',NULL,FALSE,'2014-05-02','wittmer',0),(913,9,'0.240000',NULL,FALSE,'2014-05-02','wittmer',0),(913,10,'0.275000',NULL,FALSE,'2014-05-02','wittmer',0),(913,14,'L085',NULL,FALSE,'2014-05-02','wittmer',0),(914,2,'107.822698',NULL,FALSE,'2014-05-02','wittmer',0),(914,4,'1078',NULL,FALSE,'2014-05-02','wittmer',0),(914,9,'0.200000',NULL,FALSE,'2014-05-02','wittmer',0),(914,14,'L087DH',NULL,FALSE,'2014-05-02','wittmer',0),(915,2,'107.822698',NULL,FALSE,'2014-05-02','wittmer',0),(915,4,'1078',NULL,FALSE,'2014-05-02','wittmer',0),(915,9,'0.200000',NULL,FALSE,'2014-05-02','wittmer',0),(915,14,'L087DV',NULL,FALSE,'2014-05-02','wittmer',0),(916,2,'107.822698',NULL,FALSE,'2014-05-02','wittmer',0),(916,4,'1078',NULL,FALSE,'2014-05-02','wittmer',0),(916,9,'0.200000',NULL,FALSE,'2014-05-02','wittmer',0),(916,10,'0.343000',NULL,FALSE,'2014-05-02','wittmer',0),(916,14,'L087SN',NULL,FALSE,'2014-05-02','wittmer',0),(917,2,'108.165698',NULL,FALSE,'2014-05-02','wittmer',0),(917,4,'1082',NULL,FALSE,'2014-05-02','wittmer',0),(917,9,'0.240000',NULL,FALSE,'2014-05-02','wittmer',0),(917,10,'0.343000',NULL,FALSE,'2014-05-02','wittmer',0),(917,14,'L088',NULL,FALSE,'2014-05-02','wittmer',0),(918,2,'108.440698',NULL,FALSE,'2014-05-02','wittmer',0),(918,4,'1084',NULL,FALSE,'2014-05-02','wittmer',0),(918,9,'0.240000',NULL,FALSE,'2014-05-02','wittmer',0),(918,10,'0.275000',NULL,FALSE,'2014-05-02','wittmer',0),(918,14,'L089',NULL,FALSE,'2014-05-02','wittmer',0),(919,2,'108.783698',NULL,FALSE,'2014-05-02','wittmer',0),(919,4,'1088',NULL,FALSE,'2014-05-02','wittmer',0),(919,9,'0.200000',NULL,FALSE,'2014-05-02','wittmer',0),(919,14,'L090DH',NULL,FALSE,'2014-05-02','wittmer',0),(920,2,'108.783698',NULL,FALSE,'2014-05-02','wittmer',0),(920,4,'1088',NULL,FALSE,'2014-05-02','wittmer',0),(920,9,'0.200000',NULL,FALSE,'2014-05-02','wittmer',0),(920,14,'L090DV',NULL,FALSE,'2014-05-02','wittmer',0),(921,2,'108.783698',NULL,FALSE,'2014-05-02','wittmer',0),(921,4,'1088',NULL,FALSE,'2014-05-02','wittmer',0),(921,9,'0.200000',NULL,FALSE,'2014-05-02','wittmer',0),(921,10,'0.343000',NULL,FALSE,'2014-05-02','wittmer',0),(921,14,'L090SN',NULL,FALSE,'2014-05-02','wittmer',0),(922,2,'109.126698',NULL,FALSE,'2014-05-02','wittmer',0),(922,4,'1091',NULL,FALSE,'2014-05-02','wittmer',0),(922,9,'0.240000',NULL,FALSE,'2014-05-02','wittmer',0),(922,10,'0.343000',NULL,FALSE,'2014-05-02','wittmer',0),(922,14,'L091',NULL,FALSE,'2014-05-02','wittmer',0),(923,2,'109.415923',NULL,FALSE,'2014-05-02','wittmer',0),(923,4,'1094',NULL,FALSE,'2014-05-02','wittmer',0),(923,9,'0.035000',NULL,FALSE,'2014-05-02','wittmer',0),(923,10,'0.289225',NULL,FALSE,'2014-05-02','wittmer',0),(923,14,'L092GV',NULL,FALSE,'2014-05-02','wittmer',0),(924,2,'109.619716',NULL,FALSE,'2014-05-02','wittmer',0),(924,4,'1096',NULL,FALSE,'2014-05-02','wittmer',0),(924,10,'-0.035338',NULL,FALSE,'2014-05-02','wittmer',0),(924,14,'L092-R',NULL,FALSE,'2014-05-02','wittmer',0),(925,2,'109.620108',NULL,FALSE,'2014-05-02','wittmer',0),(925,4,'1096',NULL,FALSE,'2014-05-02','wittmer',0),(925,10,'-0.034946',NULL,FALSE,'2014-05-02','wittmer',0),(925,14,'L092FS',NULL,FALSE,'2014-05-02','wittmer',0),(926,2,'109.655054',NULL,FALSE,'2014-05-02','wittmer',0),(926,4,'1097',NULL,FALSE,'2014-05-02','wittmer',0),(926,10,'0.239132',NULL,FALSE,'2014-05-02','wittmer',0),(926,14,'L092DC',NULL,FALSE,'2014-05-02','wittmer',0),(927,2,'109.687464',NULL,FALSE,'2014-05-02','wittmer',0),(927,4,'1097',NULL,FALSE,'2014-05-02','wittmer',0),(927,10,'0.032410',NULL,FALSE,'2014-05-02','wittmer',0),(927,14,'L092FC',NULL,FALSE,'2014-05-02','wittmer',0),(928,2,'109.874908',NULL,FALSE,'2014-05-02','wittmer',0),(928,4,'1099',NULL,FALSE,'2014-05-02','wittmer',0),(928,9,'0.035000',NULL,FALSE,'2014-05-02','wittmer',0),(928,10,'0.219854',NULL,FALSE,'2014-05-02','wittmer',0),(928,14,'L093GV',NULL,FALSE,'2014-05-02','wittmer',0),(929,2,'110.245345',NULL,FALSE,'2014-05-02','wittmer',0),(929,4,'1102',NULL,FALSE,'2014-05-02','wittmer',0),(929,9,'0.300000',NULL,FALSE,'2014-05-02','wittmer',0),(929,10,'0.370438',NULL,FALSE,'2014-05-02','wittmer',0),(929,14,'L094',NULL,FALSE,'2014-05-02','wittmer',0),(930,2,'110.649645',NULL,FALSE,'2014-05-02','wittmer',0),(930,4,'1106',NULL,FALSE,'2014-05-02','wittmer',0),(930,9,'0.200000',NULL,FALSE,'2014-05-02','wittmer',0),(930,14,'L096DH',NULL,FALSE,'2014-05-02','wittmer',0),(931,2,'110.649645',NULL,FALSE,'2014-05-02','wittmer',0),(931,4,'1106',NULL,FALSE,'2014-05-02','wittmer',0),(931,9,'0.200000',NULL,FALSE,'2014-05-02','wittmer',0),(931,14,'L096DV',NULL,FALSE,'2014-05-02','wittmer',0),(932,2,'110.649645',NULL,FALSE,'2014-05-02','wittmer',0),(932,4,'1106',NULL,FALSE,'2014-05-02','wittmer',0),(932,9,'0.200000',NULL,FALSE,'2014-05-02','wittmer',0),(932,10,'0.404300',NULL,FALSE,'2014-05-02','wittmer',0),(932,14,'L096SN',NULL,FALSE,'2014-05-02','wittmer',0),(933,2,'111.053945',NULL,FALSE,'2014-05-02','wittmer',0),(933,4,'1111',NULL,FALSE,'2014-05-02','wittmer',0),(933,9,'0.300000',NULL,FALSE,'2014-05-02','wittmer',0),(933,10,'0.404300',NULL,FALSE,'2014-05-02','wittmer',0),(933,14,'L097',NULL,FALSE,'2014-05-02','wittmer',0),(934,2,'111.451545',NULL,FALSE,'2014-05-02','wittmer',0),(934,4,'1115',NULL,FALSE,'2014-05-02','wittmer',0),(934,9,'0.300000',NULL,FALSE,'2014-05-02','wittmer',0),(934,10,'0.397600',NULL,FALSE,'2014-05-02','wittmer',0),(934,14,'L098',NULL,FALSE,'2014-05-02','wittmer',0),(935,2,'111.849345',NULL,FALSE,'2014-05-02','wittmer',0),(935,4,'1118',NULL,FALSE,'2014-05-02','wittmer',0),(935,9,'0.300000',NULL,FALSE,'2014-05-02','wittmer',0),(935,10,'0.397800',NULL,FALSE,'2014-05-02','wittmer',0),(935,14,'L100',NULL,FALSE,'2014-05-02','wittmer',0),(936,2,'112.253645',NULL,FALSE,'2014-05-02','wittmer',0),(936,4,'1123',NULL,FALSE,'2014-05-02','wittmer',0),(936,9,'0.200000',NULL,FALSE,'2014-05-02','wittmer',0),(936,14,'L101DH',NULL,FALSE,'2014-05-02','wittmer',0),(937,2,'112.253645',NULL,FALSE,'2014-05-02','wittmer',0),(937,4,'1123',NULL,FALSE,'2014-05-02','wittmer',0),(937,9,'0.200000',NULL,FALSE,'2014-05-02','wittmer',0),(937,14,'L101DV',NULL,FALSE,'2014-05-02','wittmer',0),(938,2,'112.253645',NULL,FALSE,'2014-05-02','wittmer',0),(938,4,'1123',NULL,FALSE,'2014-05-02','wittmer',0),(938,9,'0.200000',NULL,FALSE,'2014-05-02','wittmer',0),(938,10,'0.404300',NULL,FALSE,'2014-05-02','wittmer',0),(938,14,'L101SN',NULL,FALSE,'2014-05-02','wittmer',0),(939,2,'112.657945',NULL,FALSE,'2014-05-02','wittmer',0),(939,4,'1127',NULL,FALSE,'2014-05-02','wittmer',0),(939,9,'0.300000',NULL,FALSE,'2014-05-02','wittmer',0),(939,10,'0.404300',NULL,FALSE,'2014-05-02','wittmer',0),(939,14,'L102',NULL,FALSE,'2014-05-02','wittmer',0),(940,2,'113.055645',NULL,FALSE,'2014-05-02','wittmer',0),(940,4,'1131',NULL,FALSE,'2014-05-02','wittmer',0),(940,9,'0.300000',NULL,FALSE,'2014-05-02','wittmer',0),(940,10,'0.397700',NULL,FALSE,'2014-05-02','wittmer',0),(940,14,'L104',NULL,FALSE,'2014-05-02','wittmer',0),(941,2,'113.453345',NULL,FALSE,'2014-05-02','wittmer',0),(941,4,'1135',NULL,FALSE,'2014-05-02','wittmer',0),(941,9,'0.300000',NULL,FALSE,'2014-05-02','wittmer',0),(941,10,'0.397700',NULL,FALSE,'2014-05-02','wittmer',0),(941,14,'L105',NULL,FALSE,'2014-05-02','wittmer',0),(942,2,'113.857645',NULL,FALSE,'2014-05-02','wittmer',0),(942,4,'1139',NULL,FALSE,'2014-05-02','wittmer',0),(942,9,'0.200000',NULL,FALSE,'2014-05-02','wittmer',0),(942,14,'L106DH',NULL,FALSE,'2014-05-02','wittmer',0),(943,2,'113.857645',NULL,FALSE,'2014-05-02','wittmer',0),(943,4,'1139',NULL,FALSE,'2014-05-02','wittmer',0),(943,9,'0.200000',NULL,FALSE,'2014-05-02','wittmer',0),(943,14,'L106DV',NULL,FALSE,'2014-05-02','wittmer',0),(944,2,'113.857645',NULL,FALSE,'2014-05-02','wittmer',0),(944,4,'1139',NULL,FALSE,'2014-05-02','wittmer',0),(944,9,'0.200000',NULL,FALSE,'2014-05-02','wittmer',0),(944,10,'0.404300',NULL,FALSE,'2014-05-02','wittmer',0),(944,14,'L106SN',NULL,FALSE,'2014-05-02','wittmer',0),(945,2,'114.261945',NULL,FALSE,'2014-05-02','wittmer',0),(945,4,'1143',NULL,FALSE,'2014-05-02','wittmer',0),(945,9,'0.300000',NULL,FALSE,'2014-05-02','wittmer',0),(945,10,'0.404300',NULL,FALSE,'2014-05-02','wittmer',0),(945,14,'L108',NULL,FALSE,'2014-05-02','wittmer',0),(946,2,'114.605637',NULL,FALSE,'2014-05-02','wittmer',0),(946,4,'1146',NULL,FALSE,'2014-05-02','wittmer',0),(946,9,'0.035000',NULL,FALSE,'2014-05-02','wittmer',0),(946,10,'0.343692',NULL,FALSE,'2014-05-02','wittmer',0),(946,14,'L108GV',NULL,FALSE,'2014-05-02','wittmer',0),(947,2,'114.847163',NULL,FALSE,'2014-05-02','wittmer',0),(947,4,'1148',NULL,FALSE,'2014-05-02','wittmer',0),(947,10,'-0.035338',NULL,FALSE,'2014-05-02','wittmer',0),(947,14,'L110-R',NULL,FALSE,'2014-05-02','wittmer',0),(948,2,'114.847555',NULL,FALSE,'2014-05-02','wittmer',0),(948,4,'1148',NULL,FALSE,'2014-05-02','wittmer',0),(948,10,'-0.034946',NULL,FALSE,'2014-05-02','wittmer',0),(948,14,'L110FS',NULL,FALSE,'2014-05-02','wittmer',0),(949,2,'114.882501',NULL,FALSE,'2014-05-02','wittmer',0),(949,4,'1149',NULL,FALSE,'2014-05-02','wittmer',0),(949,10,'0.276864',NULL,FALSE,'2014-05-02','wittmer',0),(949,14,'L110DC',NULL,FALSE,'2014-05-02','wittmer',0),(950,2,'114.914911',NULL,FALSE,'2014-05-02','wittmer',0),(950,4,'1149',NULL,FALSE,'2014-05-02','wittmer',0),(950,10,'0.032410',NULL,FALSE,'2014-05-02','wittmer',0),(950,14,'L110FC',NULL,FALSE,'2014-05-02','wittmer',0),(951,2,'115.552380',NULL,FALSE,'2014-05-02','wittmer',0),(951,4,'1156',NULL,FALSE,'2014-05-02','wittmer',0),(951,9,'0.750000',NULL,FALSE,'2014-05-02','wittmer',0),(951,10,'0.669879',NULL,FALSE,'2014-05-02','wittmer',0),(951,14,'L',NULL,FALSE,'2014-05-02','wittmer',0),(952,2,'116.076980',NULL,FALSE,'2014-05-02','wittmer',0),(952,4,'1161',NULL,FALSE,'2014-05-02','wittmer',0),(952,9,'0.035000',NULL,FALSE,'2014-05-02','wittmer',0),(952,10,'0.524600',NULL,FALSE,'2014-05-02','wittmer',0),(952,14,'L',NULL,FALSE,'2014-05-02','wittmer',0),(953,2,'116.315283',NULL,FALSE,'2014-05-02','wittmer',0),(953,4,'1163',NULL,FALSE,'2014-05-02','wittmer',0),(953,10,'-0.038285',NULL,FALSE,'2014-05-02','wittmer',0),(953,14,'L',NULL,FALSE,'2014-05-02','wittmer',0),(954,2,'116.385978',NULL,FALSE,'2014-05-02','wittmer',0),(954,4,'1164',NULL,FALSE,'2014-05-02','wittmer',0),(954,10,'0.032410',NULL,FALSE,'2014-05-02','wittmer',0),(954,14,'L',NULL,FALSE,'2014-05-02','wittmer',0),(955,2,'116.376380',NULL,FALSE,'2014-05-02','wittmer',0),(955,4,'1164',NULL,FALSE,'2014-05-02','wittmer',0),(955,9,'0.150000',NULL,FALSE,'2014-05-02','wittmer',0),(955,10,'0.299400',NULL,FALSE,'2014-05-02','wittmer',0),(955,14,'L',NULL,FALSE,'2014-05-02','wittmer',0),(956,2,'116.582551',NULL,FALSE,'2014-05-02','wittmer',0),(956,4,'1166',NULL,FALSE,'2014-05-02','wittmer',0),(956,10,'-0.038829',NULL,FALSE,'2014-05-02','wittmer',0),(956,14,'L',NULL,FALSE,'2014-05-02','wittmer',0),(957,4,'1166',NULL,FALSE,'2014-05-02','wittmer',0),(958,4,'1166',NULL,FALSE,'2014-05-02','wittmer',0),(959,2,'116.926380',NULL,FALSE,'2014-05-02','wittmer',0),(959,4,'1169',NULL,FALSE,'2014-05-02','wittmer',0),(959,9,'0.150000',NULL,FALSE,'2014-05-02','wittmer',0),(959,10,'0.305000',NULL,FALSE,'2014-05-02','wittmer',0),(959,14,'L',NULL,FALSE,'2014-05-02','wittmer',0),(960,2,'117.195965',NULL,FALSE,'2014-05-02','wittmer',0),(960,4,'1172',NULL,FALSE,'2014-05-02','wittmer',0),(960,9,'0.080010',NULL,FALSE,'2014-05-02','wittmer',0),(960,10,'0.269585',NULL,FALSE,'2014-05-02','wittmer',0),(960,14,'L',NULL,FALSE,'2014-05-02','wittmer',0),(961,2,'117.195965',NULL,FALSE,'2014-05-02','wittmer',0),(961,4,'1172',NULL,FALSE,'2014-05-02','wittmer',0),(961,9,'0.080010',NULL,FALSE,'2014-05-02','wittmer',0),(961,14,'L',NULL,FALSE,'2014-05-02','wittmer',0),(962,2,'117.401380',NULL,FALSE,'2014-05-02','wittmer',0),(962,4,'1174',NULL,FALSE,'2014-05-02','wittmer',0),(962,9,'0.150000',NULL,FALSE,'2014-05-02','wittmer',0),(962,10,'0.205415',NULL,FALSE,'2014-05-02','wittmer',0),(962,14,'L',NULL,FALSE,'2014-05-02','wittmer',0),(963,2,'117.776380',NULL,FALSE,'2014-05-02','wittmer',0),(963,4,'1178',NULL,FALSE,'2014-05-02','wittmer',0),(963,10,'0.375000',NULL,FALSE,'2014-05-02','wittmer',0),(963,14,'L',NULL,FALSE,'2014-05-02','wittmer',0),(964,2,'117.776380',NULL,FALSE,'2014-05-02','wittmer',0),(964,4,'1178',NULL,FALSE,'2014-05-02','wittmer',0),(964,10,'0.000000',NULL,FALSE,'2014-05-02','wittmer',0),(964,14,'L',NULL,FALSE,'2014-05-02','wittmer',0),(965,2,'117.808790',NULL,FALSE,'2014-05-02','wittmer',0),(965,4,'1178',NULL,FALSE,'2014-05-02','wittmer',0),(965,10,'0.032410',NULL,FALSE,'2014-05-02','wittmer',0),(965,14,'L',NULL,FALSE,'2014-05-02','wittmer',0),(966,4,'1178',NULL,FALSE,'2014-05-02','wittmer',0),(966,14,'L',NULL,FALSE,'2014-05-02','wittmer',0),(967,2,'118.151380',NULL,FALSE,'2014-05-02','wittmer',0),(967,4,'1182',NULL,FALSE,'2014-05-02','wittmer',0),(967,9,'0.150000',NULL,FALSE,'2014-05-02','wittmer',0),(967,10,'0.375000',NULL,FALSE,'2014-05-02','wittmer',0),(967,14,'L',NULL,FALSE,'2014-05-02','wittmer',0),(968,2,'118.626380',NULL,FALSE,'2014-05-02','wittmer',0),(968,4,'1186',NULL,FALSE,'2014-05-02','wittmer',0),(968,9,'0.150000',NULL,FALSE,'2014-05-02','wittmer',0),(968,10,'0.475000',NULL,FALSE,'2014-05-02','wittmer',0),(968,14,'L',NULL,FALSE,'2014-05-02','wittmer',0),(969,2,'119.176380',NULL,FALSE,'2014-05-02','wittmer',0),(969,4,'1192',NULL,FALSE,'2014-05-02','wittmer',0),(969,9,'0.150000',NULL,FALSE,'2014-05-02','wittmer',0),(969,10,'0.550000',NULL,FALSE,'2014-05-02','wittmer',0),(969,14,'L',NULL,FALSE,'2014-05-02','wittmer',0),(970,2,'120.000380',NULL,FALSE,'2014-05-02','wittmer',0),(970,4,'1200',NULL,FALSE,'2014-05-02','wittmer',0),(970,9,'0.750000',NULL,FALSE,'2014-05-02','wittmer',0),(970,10,'0.824000',NULL,FALSE,'2014-05-02','wittmer',0),(970,14,'L',NULL,FALSE,'2014-05-02','wittmer',0),(971,2,'120.524109',NULL,FALSE,'2014-05-02','wittmer',0),(971,4,'1205',NULL,FALSE,'2014-05-02','wittmer',0),(971,9,'0.035000',NULL,FALSE,'2014-05-02','wittmer',0),(971,10,'0.523729',NULL,FALSE,'2014-05-02','wittmer',0),(971,14,'L',NULL,FALSE,'2014-05-02','wittmer',0),(972,4,'1207',NULL,FALSE,'2014-05-02','wittmer',0),(972,10,'0.220066',NULL,FALSE,'2014-05-02','wittmer',0),(972,14,'L',NULL,FALSE,'2014-05-02','wittmer',0),(973,2,'120.708836',NULL,FALSE,'2014-05-02','wittmer',0),(973,4,'1207',NULL,FALSE,'2014-05-02','wittmer',0),(973,10,'-0.035338',NULL,FALSE,'2014-05-02','wittmer',0),(973,14,'L',NULL,FALSE,'2014-05-02','wittmer',0),(974,2,'120.709228',NULL,FALSE,'2014-05-02','wittmer',0),(974,4,'1207',NULL,FALSE,'2014-05-02','wittmer',0),(974,10,'-0.034946',NULL,FALSE,'2014-05-02','wittmer',0),(974,14,'L',NULL,FALSE,'2014-05-02','wittmer',0),(975,2,'120.776584',NULL,FALSE,'2014-05-02','wittmer',0),(975,4,'1207',NULL,FALSE,'2014-05-02','wittmer',0),(975,10,'0.032410',NULL,FALSE,'2014-05-02','wittmer',0),(975,14,'L',NULL,FALSE,'2014-05-02','wittmer',0),(976,4,'1207',NULL,FALSE,'2014-05-02','wittmer',0),(976,14,'L',NULL,FALSE,'2014-05-02','wittmer',0),(977,2,'121.157153',NULL,FALSE,'2014-05-02','wittmer',0),(977,4,'1212',NULL,FALSE,'2014-05-02','wittmer',0),(977,10,'0.412979',NULL,FALSE,'2014-05-02','wittmer',0),(977,14,'L',NULL,FALSE,'2014-05-02','wittmer',0),(978,2,'121.919083',NULL,FALSE,'2014-05-02','wittmer',0),(978,4,'1219',NULL,FALSE,'2014-05-02','wittmer',0),(978,9,'0.100000',NULL,FALSE,'2014-05-02','wittmer',0),(978,10,'0.269567',NULL,FALSE,'2014-05-02','wittmer',0),(979,4,'1219',NULL,FALSE,'2014-05-02','wittmer',0),(979,9,'0.100000',NULL,FALSE,'2014-05-02','wittmer',0),(980,2,'122.124083',NULL,FALSE,'2014-05-02','wittmer',0),(980,4,'1221',NULL,FALSE,'2014-05-02','wittmer',0),(980,9,'0.150000',NULL,FALSE,'2014-05-02','wittmer',0),(980,10,'0.205337',NULL,FALSE,'2014-05-02','wittmer',0),(981,2,'122.774077',NULL,FALSE,'2014-05-02','wittmer',0),(981,4,'1228',NULL,FALSE,'2014-05-02','wittmer',0),(981,9,'0.150000',NULL,FALSE,'2014-05-02','wittmer',0),(981,10,'0.205337',NULL,FALSE,'2014-05-02','wittmer',0),(982,2,'124.530078',NULL,FALSE,'2014-05-02','wittmer',0),(982,4,'1245',NULL,FALSE,'2014-05-02','wittmer',0),(982,9,'0.150000',NULL,FALSE,'2014-05-02','wittmer',0),(982,10,'0.205337',NULL,FALSE,'2014-05-02','wittmer',0),(983,2,'125.180083',NULL,FALSE,'2014-05-02','wittmer',0),(983,4,'1252',NULL,FALSE,'2014-05-02','wittmer',0),(983,9,'0.150000',NULL,FALSE,'2014-05-02','wittmer',0),(983,10,'0.205337',NULL,FALSE,'2014-05-02','wittmer',0),(984,2,'125.611358',NULL,FALSE,'2014-05-02','wittmer',0),(984,4,'1256',NULL,FALSE,'2014-05-02','wittmer',0),(984,10,'0.374571',NULL,FALSE,'2014-05-02','wittmer',0),(985,4,'1256',NULL,FALSE,'2014-05-02','wittmer',0),(985,10,'0.000000',NULL,FALSE,'2014-05-02','wittmer',0),(986,4,'1256',NULL,FALSE,'2014-05-02','wittmer',0),(986,10,'-0.035338',NULL,FALSE,'2014-05-02','wittmer',0),(987,4,'1256',NULL,FALSE,'2014-05-02','wittmer',0),(987,10,'-0.035338',NULL,FALSE,'2014-05-02','wittmer',0),(988,4,'1256',NULL,FALSE,'2014-05-02','wittmer',0),(988,10,'-0.035338',NULL,FALSE,'2014-05-02','wittmer',0),(989,4,'1256',NULL,FALSE,'2014-05-02','wittmer',0),(989,10,'-0.035338',NULL,FALSE,'2014-05-02','wittmer',0),(990,4,'1256',NULL,FALSE,'2014-05-02','wittmer',0),(990,10,'0.412979',NULL,FALSE,'2014-05-02','wittmer',0),(991,2,'125.827260',NULL,FALSE,'2014-05-02','wittmer',0),(991,4,'1256',NULL,FALSE,'2014-05-02','wittmer',0),(992,4,'1256',NULL,FALSE,'2014-05-02','wittmer',0),(993,4,'1256',NULL,FALSE,'2014-05-02','wittmer',0),(994,2,'127.020082',NULL,FALSE,'2014-05-02','wittmer',0),(994,4,'1270',NULL,FALSE,'2014-05-02','wittmer',0),(994,9,'0.100000',NULL,FALSE,'2014-05-02','wittmer',0),(994,10,'0.269567',NULL,FALSE,'2014-05-02','wittmer',0),(995,4,'1270',NULL,FALSE,'2014-05-02','wittmer',0),(995,9,'0.100000',NULL,FALSE,'2014-05-02','wittmer',0),(996,2,'127.225082',NULL,FALSE,'2014-05-02','wittmer',0),(996,4,'1272',NULL,FALSE,'2014-05-02','wittmer',0),(996,9,'0.150000',NULL,FALSE,'2014-05-02','wittmer',0),(996,10,'0.205337',NULL,FALSE,'2014-05-02','wittmer',0),(997,2,'127.560082',NULL,FALSE,'2014-05-02','wittmer',0),(997,4,'1275',NULL,FALSE,'2014-05-02','wittmer',0),(997,9,'0.150000',NULL,FALSE,'2014-05-02','wittmer',0),(997,10,'0.205337',NULL,FALSE,'2014-05-02','wittmer',0),(998,2,'128.175080',NULL,FALSE,'2014-05-02','wittmer',0),(998,4,'1281',NULL,FALSE,'2014-05-02','wittmer',0),(998,9,'0.150000',NULL,FALSE,'2014-05-02','wittmer',0),(998,10,'0.205337',NULL,FALSE,'2014-05-02','wittmer',0),(999,2,'128.510083',NULL,FALSE,'2014-05-02','wittmer',0),(999,4,'1285',NULL,FALSE,'2014-05-02','wittmer',0),(999,9,'0.150000',NULL,FALSE,'2014-05-02','wittmer',0),(999,10,'0.205337',NULL,FALSE,'2014-05-02','wittmer',0),(1000,4,'1288',NULL,FALSE,'2014-05-02','wittmer',0),(1001,2,'129.568602',NULL,FALSE,'2014-05-02','wittmer',0),(1001,4,'1296',NULL,FALSE,'2014-05-02','wittmer',0),(1001,9,'0.750000',NULL,FALSE,'2014-05-02','wittmer',0),(1001,10,'0.678197',NULL,FALSE,'2014-05-02','wittmer',0),(1002,4,'1301',NULL,FALSE,'2014-05-02','wittmer',0),(1002,9,'0.035000',NULL,FALSE,'2014-05-02','wittmer',0),(1002,10,'0.523729',NULL,FALSE,'2014-05-02','wittmer',0),(1003,4,'1301',NULL,FALSE,'2014-05-02','wittmer',0),(1004,2,'130.418612',NULL,FALSE,'2014-05-02','wittmer',0),(1004,4,'1305',NULL,FALSE,'2014-05-02','wittmer',0),(1004,9,'0.100000',NULL,FALSE,'2014-05-02','wittmer',0),(1004,10,'0.269567',NULL,FALSE,'2014-05-02','wittmer',0),(1005,4,'1305',NULL,FALSE,'2014-05-02','wittmer',0),(1005,9,'0.100000',NULL,FALSE,'2014-05-02','wittmer',0),(1006,2,'130.708612',NULL,FALSE,'2014-05-02','wittmer',0),(1006,4,'1307',NULL,FALSE,'2014-05-02','wittmer',0),(1006,9,'0.150000',NULL,FALSE,'2014-05-02','wittmer',0),(1006,10,'0.205337',NULL,FALSE,'2014-05-02','wittmer',0),(1007,2,'131.078612',NULL,FALSE,'2014-05-02','wittmer',0),(1007,4,'1310',NULL,FALSE,'2014-05-02','wittmer',0),(1007,9,'0.150000',NULL,FALSE,'2014-05-02','wittmer',0),(1007,10,'0.205337',NULL,FALSE,'2014-05-02','wittmer',0),(1008,2,'131.477712',NULL,FALSE,'2014-05-02','wittmer',0),(1008,4,'1316',NULL,FALSE,'2014-05-02','wittmer',0),(1008,10,'-0.038829',NULL,FALSE,'2014-05-02','wittmer',0),(1009,4,'1316',NULL,FALSE,'2014-05-02','wittmer',0),(1010,4,'1316',NULL,FALSE,'2014-05-02','wittmer',0),(1010,10,'0.374571',NULL,FALSE,'2014-05-02','wittmer',0),(1011,4,'1316',NULL,FALSE,'2014-05-02','wittmer',0),(1011,10,'0.000000',NULL,FALSE,'2014-05-02','wittmer',0),(1012,2,'131.693612',NULL,FALSE,'2014-05-02','wittmer',0),(1012,4,'1316',NULL,FALSE,'2014-05-02','wittmer',0),(1012,10,'0.412979',NULL,FALSE,'2014-05-02','wittmer',0),(1013,4,'1316',NULL,FALSE,'2014-05-02','wittmer',0),(1014,4,'1316',NULL,FALSE,'2014-05-02','wittmer',0),(1015,2,'132.308612',NULL,FALSE,'2014-05-02','wittmer',0),(1015,4,'1323',NULL,FALSE,'2014-05-02','wittmer',0),(1015,9,'0.150000',NULL,FALSE,'2014-05-02','wittmer',0),(1015,10,'0.205337',NULL,FALSE,'2014-05-02','wittmer',0),(1016,2,'132.678612',NULL,FALSE,'2014-05-02','wittmer',0),(1016,4,'1327',NULL,FALSE,'2014-05-02','wittmer',0),(1016,9,'0.150000',NULL,FALSE,'2014-05-02','wittmer',0),(1016,10,'0.205337',NULL,FALSE,'2014-05-02','wittmer',0),(1017,2,'133.818622',NULL,FALSE,'2014-05-02','wittmer',0),(1017,4,'1338',NULL,FALSE,'2014-05-02','wittmer',0),(1017,9,'0.750000',NULL,FALSE,'2014-05-02','wittmer',0),(1017,10,'0.678197',NULL,FALSE,'2014-05-02','wittmer',0),(1018,2,'134.523632',NULL,FALSE,'2014-05-02','wittmer',0),(1018,4,'1345',NULL,FALSE,'2014-05-02','wittmer',0),(1018,9,'0.100000',NULL,FALSE,'2014-05-02','wittmer',0),(1019,4,'1345',NULL,FALSE,'2014-05-02','wittmer',0),(1020,2,'134.813632',NULL,FALSE,'2014-05-02','wittmer',0),(1020,4,'1346',NULL,FALSE,'2014-05-02','wittmer',0),(1020,9,'0.150000',NULL,FALSE,'2014-05-02','wittmer',0),(1020,10,'0.205337',NULL,FALSE,'2014-05-02','wittmer',0),(1021,2,'135.153632',NULL,FALSE,'2014-05-02','wittmer',0),(1021,4,'1351',NULL,FALSE,'2014-05-02','wittmer',0),(1021,9,'0.150000',NULL,FALSE,'2014-05-02','wittmer',0),(1021,10,'0.205337',NULL,FALSE,'2014-05-02','wittmer',0),(1022,4,'1355',NULL,FALSE,'2014-05-02','wittmer',0),(1022,10,'0.032410',NULL,FALSE,'2014-05-02','wittmer',0),(1023,4,'1355',NULL,FALSE,'2014-05-02','wittmer',0),(1024,2,'136.218633',NULL,FALSE,'2014-05-02','wittmer',0),(1024,4,'1362',NULL,FALSE,'2014-05-02','wittmer',0),(1024,9,'0.750000',NULL,FALSE,'2014-05-02','wittmer',0),(1024,10,'0.678197',NULL,FALSE,'2014-05-02','wittmer',0),(1025,4,'1367',NULL,FALSE,'2014-05-02','wittmer',0),(1025,9,'0.035000',NULL,FALSE,'2014-05-02','wittmer',0),(1025,10,'0.523729',NULL,FALSE,'2014-05-02','wittmer',0),(1026,2,'136.918634',NULL,FALSE,'2014-05-02','wittmer',0),(1026,4,'1369',NULL,FALSE,'2014-05-02','wittmer',0),(1026,9,'0.150000',NULL,FALSE,'2014-05-02','wittmer',0),(1026,10,'0.205337',NULL,FALSE,'2014-05-02','wittmer',0),(1027,2,'137.418389',NULL,FALSE,'2014-05-02','wittmer',0),(1027,4,'1374',NULL,FALSE,'2014-05-02','wittmer',0),(1027,9,'0.150000',NULL,FALSE,'2014-05-02','wittmer',0),(1027,10,'0.205337',NULL,FALSE,'2014-05-02','wittmer',0),(1028,2,'137.618634',NULL,FALSE,'2014-05-02','wittmer',0),(1028,4,'1376',NULL,FALSE,'2014-05-02','wittmer',0),(1028,9,'0.750000',NULL,FALSE,'2014-05-02','wittmer',0),(1028,10,'0.678197',NULL,FALSE,'2014-05-02','wittmer',0),(1029,4,'1381',NULL,FALSE,'2014-05-02','wittmer',0),(1029,9,'0.035000',NULL,FALSE,'2014-05-02','wittmer',0),(1029,10,'0.523729',NULL,FALSE,'2014-05-02','wittmer',0),(1030,2,'138.068389',NULL,FALSE,'2014-05-02','wittmer',0),(1030,4,'1381',NULL,FALSE,'2014-05-02','wittmer',0),(1030,9,'0.150000',NULL,FALSE,'2014-05-02','wittmer',0),(1030,10,'0.205337',NULL,FALSE,'2014-05-02','wittmer',0),(1031,4,'1381',NULL,FALSE,'2014-05-02','wittmer',0),(1031,9,'0.035000',NULL,FALSE,'2014-05-02','wittmer',0),(1031,10,'0.523729',NULL,FALSE,'2014-05-02','wittmer',0),(1032,2,'138.453639',NULL,FALSE,'2014-05-02','wittmer',0),(1032,4,'1385',NULL,FALSE,'2014-05-02','wittmer',0),(1032,9,'0.100000',NULL,FALSE,'2014-05-02','wittmer',0),(1032,10,'0.269567',NULL,FALSE,'2014-05-02','wittmer',0),(1033,4,'1385',NULL,FALSE,'2014-05-02','wittmer',0),(1033,9,'0.100000',NULL,FALSE,'2014-05-02','wittmer',0),(1034,2,'138.683634',NULL,FALSE,'2014-05-02','wittmer',0),(1034,4,'1387',NULL,FALSE,'2014-05-02','wittmer',0),(1034,9,'0.150000',NULL,FALSE,'2014-05-02','wittmer',0),(1034,10,'0.205337',NULL,FALSE,'2014-05-02','wittmer',0),(1035,2,'138.818639',NULL,FALSE,'2014-05-02','wittmer',0),(1035,4,'1388',NULL,FALSE,'2014-05-02','wittmer',0),(1035,9,'0.150000',NULL,FALSE,'2014-05-02','wittmer',0),(1035,10,'0.205337',NULL,FALSE,'2014-05-02','wittmer',0),(1036,2,'138.993634',NULL,FALSE,'2014-05-02','wittmer',0),(1036,4,'1390',NULL,FALSE,'2014-05-02','wittmer',0),(1036,9,'0.150000',NULL,FALSE,'2014-05-02','wittmer',0),(1036,10,'0.205337',NULL,FALSE,'2014-05-02','wittmer',0),(1037,2,'139.353379',NULL,FALSE,'2014-05-02','wittmer',0),(1037,4,'1393',NULL,FALSE,'2014-05-02','wittmer',0),(1037,9,'0.100000',NULL,FALSE,'2014-05-02','wittmer',0),(1037,10,'0.269567',NULL,FALSE,'2014-05-02','wittmer',0),(1038,4,'1393',NULL,FALSE,'2014-05-02','wittmer',0),(1038,9,'0.100000',NULL,FALSE,'2014-05-02','wittmer',0),(1039,2,'139.468639',NULL,FALSE,'2014-05-02','wittmer',0),(1039,4,'1395',NULL,FALSE,'2014-05-02','wittmer',0),(1039,9,'0.150000',NULL,FALSE,'2014-05-02','wittmer',0),(1039,10,'0.205337',NULL,FALSE,'2014-05-02','wittmer',0),(1040,2,'139.718384',NULL,FALSE,'2014-05-02','wittmer',0),(1040,4,'1397',NULL,FALSE,'2014-05-02','wittmer',0),(1040,9,'0.150000',NULL,FALSE,'2014-05-02','wittmer',0),(1040,10,'0.205337',NULL,FALSE,'2014-05-02','wittmer',0),(1041,2,'140.397931',NULL,FALSE,'2014-05-02','wittmer',0),(1041,4,'1404',NULL,FALSE,'2014-05-02','wittmer',0),(1041,9,'0.100000',NULL,FALSE,'2014-05-02','wittmer',0),(1041,10,'0.269567',NULL,FALSE,'2014-05-02','wittmer',0),(1042,4,'1404',NULL,FALSE,'2014-05-02','wittmer',0),(1042,9,'0.100000',NULL,FALSE,'2014-05-02','wittmer',0),(1043,4,'1408',NULL,FALSE,'2014-05-02','wittmer',0),(1043,10,'-0.038285',NULL,FALSE,'2014-05-02','wittmer',0),(1044,2,'140.868393',NULL,FALSE,'2014-05-02','wittmer',0),(1044,4,'1409',NULL,FALSE,'2014-05-02','wittmer',0),(1044,9,'0.150000',NULL,FALSE,'2014-05-02','wittmer',0),(1044,10,'0.205337',NULL,FALSE,'2014-05-02','wittmer',0),(1045,2,'141.170783',NULL,FALSE,'2014-05-02','wittmer',0),(1045,4,'1411',NULL,FALSE,'2014-05-02','wittmer',0),(1045,9,'0.150000',NULL,FALSE,'2014-05-02','wittmer',0),(1045,10,'0.205337',NULL,FALSE,'2014-05-02','wittmer',0),(1046,2,'140.978634',NULL,FALSE,'2014-05-02','wittmer',0),(1046,4,'1413',NULL,FALSE,'2014-05-02','wittmer',0),(1046,9,'0.100000',NULL,FALSE,'2014-05-02','wittmer',0),(1046,10,'0.269567',NULL,FALSE,'2014-05-02','wittmer',0),(1047,4,'1413',NULL,FALSE,'2014-05-02','wittmer',0),(1047,9,'0.100000',NULL,FALSE,'2014-05-02','wittmer',0),(1048,2,'141.570787',NULL,FALSE,'2014-05-02','wittmer',0),(1048,4,'1415',NULL,FALSE,'2014-05-02','wittmer',0),(1048,9,'0.150000',NULL,FALSE,'2014-05-02','wittmer',0),(1048,10,'0.205337',NULL,FALSE,'2014-05-02','wittmer',0),(1049,2,'141.268634',NULL,FALSE,'2014-05-02','wittmer',0),(1049,4,'1415',NULL,FALSE,'2014-05-02','wittmer',0),(1049,9,'0.150000',NULL,FALSE,'2014-05-02','wittmer',0),(1049,10,'0.205337',NULL,FALSE,'2014-05-02','wittmer',0),(1050,2,'141.945778',NULL,FALSE,'2014-05-02','wittmer',0),(1050,4,'1420',NULL,FALSE,'2014-05-02','wittmer',0),(1050,10,'0.032410',NULL,FALSE,'2014-05-02','wittmer',0),(1051,4,'1420',NULL,FALSE,'2014-05-02','wittmer',0),(1051,10,'-0.038285',NULL,FALSE,'2014-05-02','wittmer',0),(1052,2,'142.161674',NULL,FALSE,'2014-05-02','wittmer',0),(1052,4,'1420',NULL,FALSE,'2014-05-02','wittmer',0),(1052,10,'0.374571',NULL,FALSE,'2014-05-02','wittmer',0),(1053,4,'1420',NULL,FALSE,'2014-05-02','wittmer',0),(1053,10,'0.000000',NULL,FALSE,'2014-05-02','wittmer',0),(1054,4,'1420',NULL,FALSE,'2014-05-02','wittmer',0),(1055,4,'1422',NULL,FALSE,'2014-05-02','wittmer',0),(1055,9,'0.035000',NULL,FALSE,'2014-05-02','wittmer',0),(1055,10,'0.523729',NULL,FALSE,'2014-05-02','wittmer',0),(1056,2,'142.293381',NULL,FALSE,'2014-05-02','wittmer',0),(1056,4,'1423',NULL,FALSE,'2014-05-02','wittmer',0),(1056,9,'0.100000',NULL,FALSE,'2014-05-02','wittmer',0),(1056,10,'0.269567',NULL,FALSE,'2014-05-02','wittmer',0),(1057,4,'1423',NULL,FALSE,'2014-05-02','wittmer',0),(1057,9,'0.100000',NULL,FALSE,'2014-05-02','wittmer',0),(1058,4,'1427',NULL,FALSE,'2014-05-02','wittmer',0),(1058,10,'-0.038285',NULL,FALSE,'2014-05-02','wittmer',0),(1059,2,'142.418634',NULL,FALSE,'2014-05-02','wittmer',0),(1059,4,'1427',NULL,FALSE,'2014-05-02','wittmer',0),(1059,9,'0.150000',NULL,FALSE,'2014-05-02','wittmer',0),(1059,10,'0.205337',NULL,FALSE,'2014-05-02','wittmer',0),(1060,2,'143.068382',NULL,FALSE,'2014-05-02','wittmer',0),(1060,4,'1431',NULL,FALSE,'2014-05-02','wittmer',0),(1060,9,'0.150000',NULL,FALSE,'2014-05-02','wittmer',0),(1060,10,'0.205337',NULL,FALSE,'2014-05-02','wittmer',0),(1061,2,'142.843634',NULL,FALSE,'2014-05-02','wittmer',0),(1061,4,'1431',NULL,FALSE,'2014-05-02','wittmer',0),(1061,9,'0.100000',NULL,FALSE,'2014-05-02','wittmer',0),(1061,10,'0.269567',NULL,FALSE,'2014-05-02','wittmer',0),(1062,4,'1431',NULL,FALSE,'2014-05-02','wittmer',0),(1062,9,'0.100000',NULL,FALSE,'2014-05-02','wittmer',0),(1063,2,'143.468392',NULL,FALSE,'2014-05-02','wittmer',0),(1063,4,'1435',NULL,FALSE,'2014-05-02','wittmer',0),(1063,9,'0.150000',NULL,FALSE,'2014-05-02','wittmer',0),(1063,10,'0.205337',NULL,FALSE,'2014-05-02','wittmer',0),(1064,4,'1435',NULL,FALSE,'2014-05-02','wittmer',0),(1064,10,'-0.038285',NULL,FALSE,'2014-05-02','wittmer',0),(1065,2,'144.093633',NULL,FALSE,'2014-05-02','wittmer',0),(1065,4,'1439',NULL,FALSE,'2014-05-02','wittmer',0),(1066,2,'143.843392',NULL,FALSE,'2014-05-02','wittmer',0),(1066,4,'1439',NULL,FALSE,'2014-05-02','wittmer',0),(1066,10,'0.032410',NULL,FALSE,'2014-05-02','wittmer',0),(1067,4,'1439',NULL,FALSE,'2014-05-02','wittmer',0),(1067,10,'-0.038285',NULL,FALSE,'2014-05-02','wittmer',0),(1068,2,'144.059300',NULL,FALSE,'2014-05-02','wittmer',0),(1068,4,'1439',NULL,FALSE,'2014-05-02','wittmer',0),(1068,10,'0.374571',NULL,FALSE,'2014-05-02','wittmer',0),(1069,4,'1439',NULL,FALSE,'2014-05-02','wittmer',0),(1069,10,'0.000000',NULL,FALSE,'2014-05-02','wittmer',0),(1070,4,'1439',NULL,FALSE,'2014-05-02','wittmer',0),(1071,2,'143.798634',NULL,FALSE,'2014-05-02','wittmer',0),(1071,4,'1439',NULL,FALSE,'2014-05-02','wittmer',0),(1071,9,'0.150000',NULL,FALSE,'2014-05-02','wittmer',0),(1071,10,'0.205337',NULL,FALSE,'2014-05-02','wittmer',0),(1072,4,'1441',NULL,FALSE,'2014-05-02','wittmer',0),(1072,9,'0.035000',NULL,FALSE,'2014-05-02','wittmer',0),(1072,10,'0.523729',NULL,FALSE,'2014-05-02','wittmer',0),(1073,2,'144.018634',NULL,FALSE,'2014-05-02','wittmer',0),(1073,4,'1443',NULL,FALSE,'2014-05-02','wittmer',0),(1073,9,'0.150000',NULL,FALSE,'2014-05-02','wittmer',0),(1073,10,'0.205337',NULL,FALSE,'2014-05-02','wittmer',0),(1074,2,'144.393634',NULL,FALSE,'2014-05-02','wittmer',0),(1074,4,'1448',NULL,FALSE,'2014-05-02','wittmer',0),(1074,10,'0.032410',NULL,FALSE,'2014-05-02','wittmer',0),(1075,4,'1448',NULL,FALSE,'2014-05-02','wittmer',0),(1075,10,'-0.038285',NULL,FALSE,'2014-05-02','wittmer',0),(1076,2,'144.609534',NULL,FALSE,'2014-05-02','wittmer',0),(1076,4,'1448',NULL,FALSE,'2014-05-02','wittmer',0),(1076,10,'0.374571',NULL,FALSE,'2014-05-02','wittmer',0),(1077,4,'1448',NULL,FALSE,'2014-05-02','wittmer',0),(1077,10,'0.000000',NULL,FALSE,'2014-05-02','wittmer',0),(1078,4,'1448',NULL,FALSE,'2014-05-02','wittmer',0),(1079,2,'144.918398',NULL,FALSE,'2014-05-02','wittmer',0),(1079,4,'1450',NULL,FALSE,'2014-05-02','wittmer',0),(1079,9,'0.035000',NULL,FALSE,'2014-05-02','wittmer',0),(1079,10,'0.523729',NULL,FALSE,'2014-05-02','wittmer',0),(1080,4,'1458',NULL,FALSE,'2014-05-02','wittmer',0),(1081,2,'145.993633',NULL,FALSE,'2014-05-02','wittmer',0),(1081,4,'1460',NULL,FALSE,'2014-05-02','wittmer',0),(1082,4,'1460',NULL,FALSE,'2014-05-02','wittmer',0),(1083,2,'146.441636',NULL,FALSE,'2014-05-02','wittmer',0),(1083,4,'1464',NULL,FALSE,'2014-05-02','wittmer',0),(1084,4,'1464',NULL,FALSE,'2014-05-02','wittmer',0),(1085,2,'146.543634',NULL,FALSE,'2014-05-02','wittmer',0),(1085,4,'1465',NULL,FALSE,'2014-05-02','wittmer',0),(1086,2,'147.671504',NULL,FALSE,'2014-05-02','wittmer',0),(1086,4,'1477',NULL,FALSE,'2014-05-02','wittmer',0),(1087,4,'1477',NULL,FALSE,'2014-05-02','wittmer',0);
INSERT INTO role (role_id, description, version) VALUES ('admin', 'admin', 0);
INSERT INTO "user" (user_id, comment, email, name, version) VALUES ('admin', 'admin', 'admin@admin.com', 'admin', 0);
INSERT INTO user_role (candelegate, comment, endtime, isrolemanager, starttime, version, role, "user") VALUES ( true, 'admin', '2050-01-08 04:05:06', true, '2001-01-08 04:05:06', 0, 'admin', 'admin');
INSERT INTO privilege (oper, resource, role) VALUES ( 'UPDATE', 'INSTALLATION_RECORD', 'admin'),( 'AUTHORIZED', 'ALIGNMENT_RECORD', 'admin'),( 'LOGOUT', 'ALIGNMENT_RECORD', 'admin'),( 'LOGIN', 'ALIGNMENT_RECORD', 'admin'),( 'DELETE', 'ALIGNMENT_RECORD', 'admin'),( 'CREATE', 'ALIGNMENT_RECORD', 'admin'),( 'UPDATE', 'ALIGNMENT_RECORD', 'admin'),( 'AUTHORIZED', 'DEVICE', 'admin'),( 'AUTHORIZED', 'SLOT', 'admin'),( 'AUTHORIZED', 'COMPONENT_TYPE', 'admin'),( 'AUTHORIZED', 'USER', 'admin'),( 'AUTHORIZED', 'INSTALLATION_RECORD', 'admin'),( 'AUTHORIZED', 'MENU', 'admin'),( 'UPDATE', 'DEVICE', 'admin'),( 'LOGOUT', 'DEVICE', 'admin'),( 'LOGIN', 'DEVICE', 'admin'),( 'DELETE', 'DEVICE', 'admin'),( 'CREATE', 'DEVICE', 'admin'),( 'LOGOUT', 'SLOT', 'admin'),( 'LOGIN', 'SLOT', 'admin'),( 'DELETE', 'SLOT', 'admin'),( 'CREATE', 'SLOT', 'admin'),( 'UPDATE', 'SLOT', 'admin'),( 'LOGOUT', 'COMPONENT_TYPE', 'admin'),( 'LOGIN', 'COMPONENT_TYPE', 'admin'),( 'DELETE', 'COMPONENT_TYPE', 'admin'),( 'CREATE', 'COMPONENT_TYPE', 'admin'),( 'UPDATE', 'COMPONENT_TYPE', 'admin'),( 'LOGOUT', 'USER', 'admin'),( 'LOGIN', 'USER', 'admin'),( 'DELETE', 'USER', 'admin'),( 'CREATE', 'USER', 'admin'),( 'UPDATE', 'USER', 'admin'),( 'LOGOUT', 'INSTALLATION_RECORD', 'admin'),( 'LOGIN', 'INSTALLATION_RECORD', 'admin'),( 'DELETE', 'INSTALLATION_RECORD', 'admin'),( 'CREATE', 'INSTALLATION_RECORD', 'admin');



